,GS,FTr,BLK%,VORP,3P%,Popularity,C,Allstar
0,0,0.507,3.5,0.2,0.5,131,0,0
1,5,0.595,3.1,-0.2,0,240,0,0
2,64,0.246,0.4,-0.2,0.3,294,0,0
3,74,0.264,2.5,2,0.143,56,0,1
4,37,0.132,2.6,-0.3,0,153,1,0
5,0,0.243,0.6,1.1,0.419,415,0,0
6,79,0.293,1.7,1.8,0.125,668,0,0
7,71,0.289,2.1,1.3,0.211,141,0,0
8,0,0.756,5.8,0.5,0.667,825,1,0
9,2,0.239,0.4,0,0.333,1323,0,0
13,22,0.161,1,2.1,0.382,192,0,0
14,67,0.344,1.1,2.8,0.379,282,0,1
15,15,0.211,1.1,1.3,0.364,211,0,0
16,3,0.128,2.8,-0.1,0.278,914,0,0
17,82,0.487,2.7,0.5,0,507,1,0
18,5,0.337,0.2,0,0.353,547,0,0
19,0,0.183,2.4,-0.1,0.5,736,0,0
20,0,0.056,0.5,-0.3,0.348,342,0,0
21,2,0.212,0.9,-0.1,0.383,236,0,0
22,2,0.177,0,0.4,0.346,564,0,0
23,25,0.181,1.8,-0.6,0.309,311,0,0
24,81,0.303,0.5,-0.2,0.359,202,0,0
25,4,0.173,2.6,2.8,0.342,181,0,0
29,5,0.21,0.8,-0.8,0.138,256,0,0
30,69,0.255,2.3,0.4,0,178,0,0
31,20,0.105,2.5,1.8,0.43,471,0,0
32,73,0.252,2.2,3.8,0.372,322,0,0
33,4,0.196,0.8,0.8,0.353,413,0,0
34,0,0.333,3.1,-0.1,0,460,1,0
35,0,0.379,1.2,-0.2,0.294,194,0,0
36,46,0.231,1.3,0.9,0.386,476,0,0
37,20,0.164,1.6,-1.6,0.313,738,0,0
38,0,0.216,0.6,-0.2,0.292,796,0,0
39,27,0.275,0.2,-0.3,0.357,544,0,0
40,0,0.217,2.2,1,0.375,488,0,0
41,22,0.364,0.2,0.2,0.367,721,0,0
43,16,0.258,0.9,0.3,0,533,0,0
44,13,0.13,0.4,0.6,0.421,288,0,0
45,8,0.32,2.7,1.7,0.136,417,1,0
46,12,0.236,3,1.9,0.397,490,0,0
47,23,0.06,0.2,0.3,0.343,301,0,0
48,32,0.207,5.5,0.9,1,205,1,0
49,4,0.065,1.5,0.6,0.442,604,0,0
50,14,0.327,1.4,0.5,0,193,0,0
51,79,0.232,0.8,0.9,0,270,0,0
52,74,0.333,3.4,2,0.284,688,1,1
53,50,0.103,1,-0.2,0.317,574,0,0
54,18,0.195,4.6,0.9,0,599,1,0
55,2,0.245,0.9,1.1,0.296,392,0,0
59,2,0.281,1.3,0,0.273,287,0,0
60,22,0.219,0.8,0,0.277,1539,0,0
61,78,0.392,0.6,5.1,0.324,475,0,1
62,1,0.22,1.1,0,0.321,859,0,0
63,0,0.332,0.9,-0.2,0.359,667,0,0
64,78,0.125,0.5,0.2,0.388,313,0,0
65,20,0.455,1.1,2.1,0.381,286,0,0
66,0,0.243,0.3,-0.1,0.316,917,0,0
70,12,0.302,1.7,1.1,0.286,48,0,0
71,3,0.261,1.6,2.6,0.406,447,0,0
72,1,0.256,1.9,0,0.329,495,0,0
73,77,0.212,0.5,1.6,0.409,825,0,0
75,8,0.244,0.9,0.7,0.413,2034,0,0
76,0,0.095,1.5,0,0.333,332,0,0
77,36,0.197,2.3,0.4,0.337,1006,0,0
78,16,0.159,1.1,-0.3,0.287,840,0,0
79,4,0.188,0.4,-1,0.357,1193,0,0
83,47,0.38,0.3,1.3,0.353,494,0,0
84,2,0.264,1.4,1.8,0,1097,1,0
85,80,0.3,0.7,4.3,0.362,145,0,0
86,0,0.222,0,-0.1,0,1485,0,0
87,13,0.218,1.2,-0.1,0.421,195,0,0
88,74,0.408,1.9,1.7,0.182,246,1,0
89,0,0.244,0.5,0.8,0.376,703,0,0
93,16,0.199,1,0.5,0.328,115,0,0
94,9,0.154,1.5,0.5,0,184,0,0
95,0,0.143,0,0,0.667,773,0,0
96,78,0.21,0.3,5.6,0.453,175,0,1
97,23,0.217,5.1,0.1,1,539,1,0
98,33,0.154,0.7,-0.4,0.278,1080,0,0
99,60,0.333,5.1,2,0,954,0,1
100,33,0.245,1.5,-0.3,0,621,0,0
101,5,0.09,0.4,1.3,0.375,555,0,0
102,75,0.258,0.8,2.2,0.322,317,0,0
103,82,0.347,0.6,0.1,0.283,145,0,1
104,20,0.196,1.1,1.6,0.385,170,0,0
105,1,0.037,5.7,-0.1,0,1462,1,0
106,0,0.333,0,-0.1,0.417,970,0,0
110,0,0.714,0,0,0,804,0,0
111,77,0.36,0.8,2.2,0.319,54,0,0
112,10,0.465,6.1,1.4,0.5,489,1,0
113,50,0.242,0.3,1.7,0.391,449,0,0
114,9,0.106,0.1,-0.3,0.363,993,0,0
115,69,0.307,6.4,3.2,0.286,465,1,0
116,3,0.205,1.3,0.9,0.428,226,0,0
117,81,0.523,2.6,7.6,0.416,173,0,1
118,3,0.192,0.4,-0.3,0.273,1964,0,0
122,82,0.26,0.9,2.2,0.287,526,0,0
123,0,0.259,0.6,-0.2,0.28,2407,0,0
124,0,0.75,4.8,0.3,0,549,0,0
126,61,0.354,1,1.7,0.338,508,0,0
128,8,0.458,5.7,1.4,0,1016,0,0
129,68,0.145,0.5,1.3,0.36,104,0,0
130,22,0.238,0.6,0,0.143,377,0,0
134,4,0.257,0.2,0.1,0.407,196,0,0
135,72,0.195,0.9,0.9,0.41,212,0,0
136,0,0.242,0.2,-0.4,0.417,401,0,0
138,71,0.4,1.2,2.5,0.373,659,0,0
142,68,0.236,2.4,1.5,0.125,722,1,0
143,0,0.204,0,-0.2,0.2,654,0,0
144,80,0.364,4.1,5.7,0.071,901,1,0
145,42,0.307,2.7,1.5,0.286,419,0,0
149,82,0.276,0.9,0.3,0.315,392,0,0
150,13,0.173,0.5,0.3,0.308,516,0,0
151,79,0.233,1.3,5,0.362,105,0,1
152,3,0.15,0.4,-0.3,0.344,1142,0,0
153,5,0.297,4.7,0.5,0,321,0,0
154,0,0.382,0.7,2,0.353,321,0,0
155,0,0.262,2.9,-0.2,0.2,405,1,0
156,0,0.167,0.8,-1.2,0.387,1090,0,0
157,40,0.38,0.5,-0.2,0.324,668,0,0
158,61,0.244,3.9,0.7,0,291,1,0
160,0,0.229,1,-0.1,0.2,376,0,0
161,80,0.119,1.8,2.9,0.429,251,0,0
162,1,0.214,1.8,-0.3,0.209,2,0,0
163,7,0.153,1.6,-0.4,0.314,369,0,0
164,17,0.329,2.4,0.7,0.385,983,0,0
165,60,0.083,0.8,0.2,0.428,1743,0,0
166,80,0.397,1.6,4.5,0.179,384,0,1
167,1,0.129,1.6,0.1,0.37,195,0,0
168,45,0.162,0.3,-1,0.308,1278,0,0
169,0,0.6,0.7,-0.1,0.261,800,0,0
170,8,0.737,1,-0.3,0,818,0,0
171,78,0.592,1,5.7,0.368,530,0,1
172,59,0.227,2.4,0.5,0.274,1023,0,0
173,0,0.222,2.6,-0.1,0.2,740,1,0
174,0,0.07,0.6,-0.1,0.267,1078,1,0
175,34,0.348,0.7,0.7,0.335,658,0,0
180,40,0.194,3.9,1.1,0.356,236,1,0
181,1,0.253,1.2,0.4,0,1135,1,0
182,27,0.38,1.4,1.7,0.415,263,0,0
183,0,0.6,0,0,0,1378,0,0
184,17,0.306,3.4,-0.8,0,133,1,0
185,58,0.366,1.3,0.2,0.33,606,0,0
186,2,0.571,0.7,-0.7,0.364,380,0,0
187,9,0.313,3.7,-0.2,0,209,0,0
188,79,0.261,6.7,2.2,0.25,194,1,1
189,80,0.36,1.7,1,0,745,1,0
190,0,0.105,0,0,0.2,1913,0,0
191,49,0.453,1.8,1.4,0,353,0,0
192,76,0.245,0.7,3.4,0.368,1182,0,0
193,0,0.245,1.3,-0.4,0.273,549,0,0
194,1,0.394,3,0,0,1281,0,0
195,60,0.232,1.1,0.3,0.39,811,0,0
196,78,0.188,0.9,1.9,0.368,498,0,0
197,0,0.167,3.3,-0.2,0.25,248,0,0
198,0,0.182,2.4,-0.1,0,558,0,0
199,74,0.196,2.2,3.5,0.5,109,1,0
200,76,0.887,4.9,2.3,0.167,426,1,1
201,4,0.156,1.1,-0.2,0.313,672,0,0
202,21,0.397,2.1,-0.2,0,2257,0,0
203,80,0.246,7.4,2.6,0.351,334,0,0
204,80,0.307,1.5,3.7,0.317,202,0,0
205,54,0.196,1.3,1.9,0.444,475,0,0
206,59,0.271,0.8,2.8,0.391,323,0,1
207,5,0.111,0.3,-0.1,0.42,470,0,0
208,4,0.231,0.4,1,0.404,913,0,0
209,0,0.191,1,0.3,0.231,444,0,0
210,6,0.212,0.9,-0.1,0.271,1440,0,0
211,11,0.398,6.5,0.1,0,2352,1,0
213,76,0.395,1.9,9.8,0.406,439,0,1
214,23,0.107,0.3,-0.3,0.384,1056,0,0
215,6,0.237,1,0.4,0.361,1676,0,0
216,78,0.176,2.7,2.2,0.118,1136,1,0
217,1,0.39,1,-0.1,0.311,95,0,0
218,0,0.426,1.3,-0.4,0,1914,0,0
219,2,0.238,0.8,-0.2,0.384,1308,0,0
220,80,0.225,0.3,2.1,0.375,731,0,0
221,2,0.278,0.7,0.3,0.301,221,0,0
222,38,0.309,3.8,3.2,0.385,175,0,0
225,5,0.368,1,0,0.077,1158,0,0
226,11,0.237,4.5,-0.2,0.095,3149,0,0
227,72,0.153,0.4,1.5,0.375,408,0,1
228,0,0.178,1.1,0.1,0.383,1208,0,0
229,21,0.088,1.4,-0.7,0.323,315,0,0
234,17,0.234,2.1,-0.8,0.257,261,0,0
235,3,0.486,0.5,-0.2,0.111,1207,0,0
236,0,0.066,2.2,-0.1,0.302,494,0,0
237,1,0.152,1.6,-0.5,0,985,0,0
238,0,0.181,5.2,0.3,0.263,519,0,0
240,9,0.191,0.7,0.1,0.286,373,0,0
241,52,0.138,3,-0.6,0,262,1,0
242,2,0.309,2.3,0,1,144,1,0
243,48,0.117,1.1,3.3,0.351,684,0,0
244,77,0.305,2.8,-0.1,0.222,599,0,0
245,64,0.446,2.4,3.2,0.292,629,0,0
246,3,0.264,0.4,-0.3,0.303,482,0,0
247,75,0.256,0.3,-0.1,0.367,231,0,0
248,60,0.13,1.3,2.7,0.457,86,0,0
249,81,0.205,4.4,1.6,0,460,1,0
253,0,0.206,1,-0.2,0.3,869,0,0
254,2,0.453,1.3,0.6,0.333,667,0,0
255,71,0.32,0.2,2.2,0.366,326,0,0
256,39,0.136,0.9,0.8,0.372,208,0,0
257,79,0.276,0.6,3.3,0,1319,0,0
258,12,0.263,1.6,0.1,0.333,878,0,0
259,57,0.24,1.3,2.7,0.374,109,0,0
260,9,0.321,2.4,-0.2,0.429,736,1,0
264,9,0.181,1.4,-0.2,0.389,519,0,0
265,1,0.383,0.8,0.1,0.368,217,0,0
266,82,0.249,0.5,1.9,0.368,386,0,1
267,82,0.307,0.8,1.5,0.339,1109,0,0
271,74,0.358,5.2,1.9,0,1290,1,0
273,18,0.477,1.1,0.1,0.217,259,0,1
274,52,0.384,1,2.9,0.362,135,0,0
275,0,0.075,0.1,-0.2,0.377,2136,0,0
276,0,0.333,0,-0.1,0,1251,0,0
281,0,0.632,0.6,-0.3,0.238,1124,0,0
282,2,0.52,3.7,-0.2,0,164,1,0
283,67,0.146,1.8,2.4,0.315,336,0,0
284,3,0.093,0.4,-0.9,0.315,536,0,0
285,3,0.111,0.7,-0.3,0.397,347,0,0
287,0,0.316,0.3,1.3,0.426,638,0,0
288,13,0.141,0.8,0.1,0.415,772,0,0
289,69,0.231,0.6,2,0.398,140,0,0
290,82,0.227,0.6,1.7,0.407,347,0,0
291,45,0.334,0.8,-0.7,0.351,329,0,0
292,0,0.353,8.5,1.2,1,598,1,0
296,10,0.181,0.2,0.5,0.357,411,0,0
297,0,0.227,0.7,0,0.311,117,0,0
298,13,0.174,1,0.3,0.384,151,0,0
299,11,0.307,0.4,1,0.266,525,0,0
300,2,0.074,1.4,0,0.393,1582,0,0
301,17,0.048,0.4,0.6,0.417,785,0,0
302,0,0.167,0,0,0,710,0,0
303,2,0.079,0.4,0.3,0.4,57,0,0
304,78,0.407,2.7,3.5,0.333,526,0,1
305,12,0.261,3.5,-0.1,0,365,1,0
306,81,0.371,1.6,3,0,100,1,0
307,21,0.099,1.1,-0.5,0.34,167,0,0
308,17,0.197,0.2,-0.4,0.364,1358,0,0
312,32,0.194,2.6,0.5,0.336,172,0,0
316,14,0.239,1.4,-0.1,0.289,233,0,0
317,1,0.299,3.8,0,0,38,1,0
318,41,0.176,1.8,-0.6,0.317,999,0,0
319,1,0.18,1.8,0,0.314,590,0,0
320,50,0.244,0.2,0.4,0.438,1400,0,0
321,17,0.124,0.1,-0.2,0.355,274,0,0
322,56,0.131,0.2,0.9,0.341,565,0,0
324,64,0.376,4.4,4.4,0,405,1,1
325,1,0.077,0.4,0.8,0.425,1460,0,0
326,47,0.265,1.7,1.5,0.414,1019,0,1
327,5,0.228,3.1,0.2,0,129,1,0
328,2,0.115,3,1.3,0.2,47,0,0
329,2,0.294,1.4,-0.3,0.28,210,0,0
330,15,0.427,0.8,0.6,0,34,1,0
335,66,0.332,0.2,2.6,0.353,523,0,1
336,76,0.165,0.9,3.3,0.385,442,0,0
340,70,0.377,0.4,5.6,0.328,1381,0,1
341,1,0.05,0.7,-0.1,0.3,1613,0,0
342,78,0.23,3.2,0.8,0,354,1,0
343,8,0.109,2,-0.2,0.25,486,1,0
344,77,0.387,0.9,3.4,0.38,786,0,0
345,16,0.184,1.2,-0.2,0.313,1520,0,0
346,1,0.251,0.4,0.8,0.395,213,0,0
347,22,0.15,0.2,0.1,0.35,831,0,0
348,0,0.2,0.4,-0.4,0.256,376,0,0
349,18,0.114,0.1,0.8,0.396,600,0,0
353,0,0.125,0,-0.2,0,667,0,0
354,0,0.07,2.1,0,0.185,1088,0,0
355,0,0.395,5,0,0,238,0,0
356,75,0.293,1,1.4,0.087,343,0,0
360,33,0.098,1.2,0.3,0.341,736,0,0
361,0,0.182,0,-0.1,0.25,256,0,0
362,82,0.202,0.5,1,0.311,188,0,0
363,26,0.277,0.5,-1.3,0.326,436,0,0
364,5,0.151,0.2,-0.2,0.386,703,0,0
365,23,0.183,0.4,1.9,0.405,652,0,0
369,38,0.2,0.5,1.3,0.24,637,0,0
370,2,0.092,0.9,-0.3,0.332,243,0,0
371,5,0.286,0,-0.1,0,1538,0,0
372,47,0.514,0.2,1.6,0.293,1822,0,0
373,0,0.333,0,0,0,452,0,0
375,72,0.18,0.9,0.1,0.371,188,0,0
376,1,0.4,1.2,-0.3,0,1489,1,0
377,55,0.225,7.6,2.2,0,202,1,0
378,67,0.251,1.2,1.1,0.188,674,0,0
379,1,0.381,0.4,-0.4,0,1132,0,0
380,81,0.148,1.5,3.1,0.419,183,0,0
381,0,0.5,0,-0.1,0.167,1029,0,0
383,0,0.513,0.3,0,0.308,347,0,0
384,0,0.696,0.8,-0.1,0.5,239,0,0
385,45,0.171,0.6,0.7,0.402,805,0,0
386,16,0.236,1.1,-0.1,0.295,400,0,0
388,74,0.193,1.3,0.1,0.35,434,0,0
389,11,0.29,2.1,-0.3,0.194,242,0,0
393,10,0.474,2.7,0.4,0,2146,1,0
397,0,0.249,0.8,2.2,0.356,805,0,0
398,0,0.299,4.3,0,0,1855,1,0
399,76,0.272,3.9,2.8,0.303,340,0,0
400,0,0.246,0.3,-0.5,0.214,1469,0,0
404,58,0.506,2.3,2.5,0,435,0,0
405,0,0.134,0.6,-0.3,0.337,658,0,0
406,72,0.192,0.5,1.7,0.33,121,0,0
407,31,0.088,0.4,0.1,0.364,202,0,0
410,24,0.364,0.6,-0.3,0.302,349,0,0
411,5,0.28,1.9,0.3,0.2,626,0,0
412,29,0.258,0.8,-0.5,0.344,1153,0,0
413,0,0.31,0,-0.3,0.462,983,0,0
414,78,0.232,0.8,0.8,0.359,184,0,0
415,0,0.142,1.3,-0.5,0.174,671,0,0
416,0,0.059,1.2,0.1,0.343,448,0,0
420,36,0.143,1.2,0.2,0.325,329,0,0
421,24,0.202,0.4,0.7,0.372,241,0,0
422,62,0.345,0.1,1,0.358,265,0,0
423,17,0.157,3.5,0.2,1,1085,0,0
428,2,0.228,3.4,-0.4,0.375,839,0,0
429,81,0.277,2.1,0,0,842,0,0
430,82,0.13,1.2,1.4,0.401,133,0,0
431,82,0.364,2.2,1,0,63,0,0
432,8,0.163,0.2,0.6,0.372,215,0,0
433,32,0.111,0.9,-0.3,0.307,1265,0,0
434,11,0.236,1,-0.3,0.338,421,0,0
435,45,0.194,0.7,0.8,0.314,672,0,0
436,1,0.113,0.4,-0.3,0.042,443,0,0
437,82,0.198,0.5,-0.1,0.365,249,0,0
438,9,0.442,4.7,0.5,0,969,1,0
443,25,0.353,1.3,1.5,0,143,1,0
444,78,0.152,0.2,1.4,0.342,1011,0,0
445,4,0.342,2.2,-0.1,0,439,0,0
446,0,0.106,2.8,0.1,0.347,279,0,0
447,77,0.142,2.4,1.6,0,1066,1,0
448,69,0.389,1.9,3.5,0.258,333,0,1
449,48,0.261,0.7,-0.5,0.31,190,0,0
450,82,0.298,0.9,2.5,0.322,585,0,0
451,42,0.416,1.8,2.2,0.267,808,0,1
452,68,0.415,1.7,2,0.282,413,0,0
453,0,0.141,4.4,-0.1,0.319,818,1,0
454,0,0.11,1.2,0.2,0.299,116,0,0
455,8,0.198,0.6,1.2,0.411,389,0,0
456,4,0.208,0.8,-0.5,0.179,315,0,0
457,62,0.311,0.6,1.9,0.422,913,0,0
458,73,0.312,2.1,3.3,0.211,622,0,0
459,82,0.375,0.6,5.1,0.323,341,0,0
460,16,0.164,0.8,-0.2,0.341,2313,0,0
461,7,0.379,2.7,0.7,0,2382,1,0
462,21,0.345,1.3,-0.1,0.333,488,0,0
463,78,0.328,0.8,3.9,0.378,905,0,0
464,56,0.346,1.5,-0.8,0.332,569,0,0
465,9,0.273,0.7,0.4,0.367,178,0,0
466,51,0.211,1.7,0.3,0.325,921,0,0
467,46,0.159,0.5,0.2,0.383,618,0,0
468,0,0.159,0.2,-0.1,0.306,657,0,0
469,0,0.216,0.5,-0.1,0.333,842,0,0
470,66,0.205,1.2,2.2,0.342,484,0,0
471,16,0.238,5.2,1,0,150,1,0
473,8,0.235,1.5,1.5,0.374,617,0,0
474,0,0.337,1.2,-0.2,0.25,514,0,0
475,17,0.236,0.8,-0.2,0.357,112,0,0
476,3,0.291,0.9,-0.1,0.308,2255,0,0
477,76,0.196,1.6,2.5,0.125,243,0,0
478,55,0.281,2.8,-0.1,0,433,1,0
486,73,0.332,0.1,0.9,0.427,355,0,0
487,30,0.269,4.1,0.3,0,497,1,0
488,69,0.253,1.9,1.5,0.2,98,0,1
492,9,0.214,0.4,1,0.375,587,0,0
493,28,0.293,1.2,1.4,0.234,535,0,0
494,65,0.277,1.6,0.9,0.271,144,0,0
495,0,0.615,6.1,1.3,0.25,269,1,0
496,26,0.243,0.5,-0.1,0.339,1114,0,0
497,62,0.148,1,-0.3,0.328,1454,0,0
498,14,0.175,0.7,0.4,0.409,89,0,0
499,23,0.483,2.6,0.1,0.347,384,0,0
500,77,0.329,1.5,4.2,0.402,434,0,1
501,26,0.224,1,0.1,0.327,299,1,0
502,77,0.226,0.6,3.6,0.407,565,0,0
503,1,0.151,3,-0.2,0.375,539,0,0
509,2,0.117,1.9,0.1,0.379,497,0,0
510,0,0.298,0.8,-0.2,0.28,269,0,0
511,1,0.152,0,-0.6,0.316,548,0,0
512,39,0.203,3.7,-0.1,0.278,142,1,0
513,24,0.267,0.7,0.3,0.347,121,0,0
514,40,0.171,1.2,1.5,0.343,127,0,0
515,0,0.205,1.3,-0.1,0.303,240,0,0
516,73,0.33,2.4,0.5,0.333,152,0,0
517,56,0.084,2.3,1.1,0.348,283,0,0
518,82,0.248,1.3,4.6,0.361,387,0,0
526,73,0.164,0.6,0.5,0.402,870,0,0
527,2,0.223,2.2,-0.3,0.389,646,0,0
528,25,0.188,0.3,1.9,0.43,439,0,0
529,0,0.307,1,-0.9,0.245,336,0,0
530,55,0.212,1,2,0.361,627,0,0
531,7,0.152,0.3,-0.3,0.292,459,0,0
533,13,0.308,1.4,0.8,0,438,0,0
537,7,0.328,2,0.8,0.278,645,0,0
538,40,0.426,0.8,1.8,0.357,913,0,0
539,0,1.25,0,0,0,233,0,0
542,0,0.073,1.2,0.4,0.429,563,0,0
543,45,0.189,2.4,0.8,0,465,0,0
544,76,0.197,0.8,-0.7,0,374,0,0
545,79,0.285,2.7,1.6,0.339,508,1,1
546,58,0.136,0.5,-0.2,0.395,380,0,0
547,15,0.283,4.9,0.9,0,386,1,0
548,81,0.281,0.9,2.4,0.28,547,0,0
556,0,0.151,1.1,-0.3,0.1,470,0,0
560,6,0.288,0.4,-0.2,0.188,330,0,1
561,8,0.154,0.2,-0.1,0.35,600,0,0
562,0,0.074,0.2,-0.3,0.301,377,0,0
563,68,0.126,0.2,-0.3,0.33,203,0,0
564,12,0.449,0.5,0.5,0.35,909,0,0
568,67,0.488,1.1,2.9,0.283,316,0,1
569,2,0.127,1.8,0.1,0.419,855,0,0
570,0,0.188,0,-0.1,0.294,279,0,0
571,3,0.281,0.5,-0.4,0.323,712,0,0
572,7,0.232,0.6,0.3,0.311,527,0,0
573,81,0.084,0.4,2.1,0.449,428,0,0
574,41,0.133,0.6,0,0.319,180,0,0
575,0,0.333,1.2,-0.1,0.327,315,0,0
576,73,0.22,0.7,2.4,0.362,66,0,0
577,0,0.242,1.5,1.6,0.394,705,0,0
578,70,0.348,1.4,1.1,0.264,256,0,0
579,2,0.298,0.8,0.4,0.347,445,0,0
580,73,0.291,0.6,1.7,0.385,659,0,0
581,55,0.481,3.4,1.4,0,711,1,0
582,55,0.206,1.2,1.1,0.348,1305,0,0
584,0,0.387,1.1,-0.1,0.29,904,0,0
588,0,0.104,0.9,-0.1,0.355,152,0,0
589,0,0.262,1.1,0,0.167,639,0,0
590,6,0.136,0.2,-0.5,0.345,917,0,0
591,1,0.167,0.5,-0.1,0,17,1,0
592,35,0.323,0.6,1.6,0.376,766,0,0
593,0,0.386,1.7,0.9,0.235,1139,0,0
594,73,0.268,0.4,3.3,0.361,139,0,0
595,0,0.12,2,0.2,0.418,83,0,0
596,71,0.5,3.2,3.9,0,324,1,1
598,0,0.121,0.7,-0.1,0.429,42,0,0
599,24,0.318,0.4,1.2,0.361,798,0,0
603,8,0.206,1.4,0.8,0.331,136,0,0
604,7,0.132,2.7,0.8,0,369,0,0
611,78,0.252,0.4,6.7,0.424,190,0,1
612,68,0.363,4.8,1.1,0,430,1,0
614,0,0.103,0.3,-0.3,0.179,69,0,0
615,0,0.414,1.1,-0.6,0.2,638,0,0
616,66,0.438,6.7,3.9,0.222,1302,0,1
624,4,0.162,0.3,0,0.368,18,0,0
628,79,0.448,0.7,2,0.305,377,0,0
629,24,0.159,1.2,1.8,0.402,400,0,0
630,15,0.41,4.6,0.5,1,548,1,0
634,8,0.325,1.2,0.5,0.386,1106,0,0
635,75,0.381,0.6,4,0.408,180,0,0
636,81,0.427,4,2.4,0,487,1,0
637,43,0.13,0.4,0.5,0.36,278,0,0
638,74,0.349,4.6,2.8,0,465,1,1
639,61,0.212,1.4,1.8,0.38,269,0,0
640,81,0.477,1.5,8.5,0.391,239,0,1
641,1,0.087,0.4,0,0.424,318,0,0
642,82,0.336,0.6,1.5,0.33,271,0,0
643,4,0.226,3,0.6,0,497,0,0
647,22,0.346,0.9,1.4,0.221,228,0,0
648,77,0.379,2.3,1.8,0,682,0,0
649,5,0.162,0.6,0.2,0.438,212,0,0
650,8,0.252,4.3,-0.1,0.3,152,1,0
651,73,0.38,3.8,1.5,0,1038,0,0
652,0,0.286,0,0,0.4,289,0,0
653,65,0.201,1.2,0.5,0.318,193,0,0
654,2,0.328,0.7,-0.1,0,460,0,0
655,0,0.197,0.2,0.5,0.384,353,0,0
656,4,0.226,0.3,-0.2,0.376,364,0,0
657,78,0.211,1.2,1.8,0.38,188,0,0
658,0,0.051,1,-0.1,0.455,162,0,0
662,0,0.179,2.1,0.2,0,841,1,0
663,82,0.122,2.1,1.8,0.37,118,0,0
664,4,0.065,2.3,0.5,0.358,688,0,0
665,54,0.132,3,0,0,353,1,0
666,0,0.045,0.4,-0.8,0.375,514,0,0
667,59,0.339,3.2,2.4,0.182,615,1,1
668,60,0.287,3.5,1.3,0.286,562,1,1
672,24,0.258,1.2,-0.2,0.328,675,0,0
673,80,0.341,0.6,4.9,0.364,328,0,0
674,8,0.314,3.7,0.5,0,477,0,0
675,3,0.3,0.8,2.4,0.349,322,0,0
677,0,0.189,1.5,0.1,0.412,780,1,0
678,0,0.329,1.6,-0.3,0.139,276,0,0
679,0,0.194,0.6,-0.3,0.276,1275,0,0
680,64,0.273,0.5,0.4,0.391,584,0,0
681,80,0.273,3.8,2,1,612,1,0
685,59,0.125,2.7,2.2,0.415,150,0,0
686,12,0.268,3,2.2,0.333,10,0,0
687,48,0.229,1.4,1.8,0.4,639,0,0
688,82,0.304,1.3,0,0.341,611,0,0
689,9,0.125,1,-0.3,0.339,1569,0,0
690,80,0.496,1.4,4.8,0.273,450,0,1
691,2,0.222,0.3,-0.1,0.25,1052,0,0
698,4,0.944,1.6,0,0,368,0,0
699,1,0.186,0.3,-0.1,0.363,282,0,0
700,73,0.552,0.8,5.4,0.366,525,0,1
701,41,0.296,2,0.9,0.383,704,0,0
702,0,0.085,3.8,0.1,0.387,338,1,0
703,0,0.169,0,-0.3,0.34,795,0,0
704,0,0.453,0.2,0.1,0.307,539,0,0
705,0,0.171,0.4,-0.1,0.35,382,0,0
706,0,0.443,2.4,0.1,0,2758,0,0
707,36,0.341,1,0.1,0.254,162,0,0
715,77,0.369,1.1,2.1,0.304,656,0,0
716,77,0.332,1,0.2,0.348,398,0,0
717,5,0.513,0.6,-0.4,0.346,183,0,0
718,23,0.277,5.1,1.1,0,284,0,0
719,81,0.357,5.7,1.1,0.4,137,1,0
720,52,0.443,2,0.6,0,343,0,0
721,37,0.448,2.5,0.9,0.2,574,0,0
722,76,0.286,0.7,2.7,0.365,1043,0,0
723,32,0.347,3.1,0.5,0,1380,0,0
724,0,0.175,0.7,0,0.304,235,0,0
725,61,0.202,1,0.6,0.351,639,0,0
726,34,0.139,0.9,0.8,0.39,249,0,0
727,0,0.5,0,0,0,613,0,0
728,29,0.202,3.6,1.1,0.364,86,1,1
729,71,0.798,4,2.4,0.286,170,1,0
730,5,0.09,0.2,0,0.36,1060,0,0
731,30,0.312,3.4,0.7,0,1353,0,0
732,81,0.203,6.7,2.6,0.383,510,0,0
733,63,0.288,0.7,2.6,0.354,118,0,0
734,47,0.225,0.4,-0.5,0.282,315,0,0
735,71,0.273,0.8,3.3,0.358,367,0,1
737,31,0.213,0.8,-0.2,0.341,389,0,0
738,36,0.193,0.3,0.9,0.339,535,0,0
739,0,0.154,0.7,-0.1,0.071,682,0,0
740,0,0.478,4.5,-0.1,0,1959,1,0
741,1,0.222,1.4,0,0,611,0,0
742,77,0.432,0.8,8,0.379,581,0,1
743,0,0.095,0,-0.2,0.2,793,0,0
744,0,0.272,0.9,-0.2,0.195,692,0,0
745,73,0.201,2.4,2.5,0.2,1110,1,0
746,78,0.248,0.5,0.3,0.409,81,0,0
747,0,0.095,0.5,-0.2,0.222,1034,0,0
748,79,0.283,0.2,1,0.337,504,0,0
749,0,0.284,0.6,0,0.419,198,0,0
750,72,0.234,3.2,2.6,0.303,183,0,0
751,0,0.201,0.4,0.2,0.339,1253,0,0
752,4,0.292,5,1.6,0.253,3358,0,0
753,79,0.192,0.3,1.2,0.401,380,0,0
757,62,0.118,2.5,1.2,0.369,220,0,0
758,0,0.286,0,-0.1,0,244,0,0
759,6,0.162,1.5,0.1,0.519,442,0,0
760,7,0.232,2,-0.1,0.361,957,0,0
761,71,0.274,3.5,2.2,0.307,592,0,0
763,19,0.362,1.1,0.6,0.316,421,0,0
764,13,0.197,3.9,-0.1,0,190,1,0
765,37,0.239,1.5,-1,0,115,1,0
766,1,0.286,0.5,-0.2,0.211,137,0,0
767,25,0.364,2.5,0.6,0.338,953,0,0
768,62,0.521,2.1,0.4,0.111,194,0,0
769,4,0.744,1.9,0.4,0.2,429,0,0
770,69,0.296,0.6,0.7,0.325,73,0,0
771,71,0.154,0.8,2.5,0.472,99,0,1
773,0,0.225,0.1,-0.4,0.4,416,0,0
774,0,0.105,1.4,0.3,0.356,830,0,0
776,0,0.182,0.2,-0.3,0.316,352,0,0
777,61,0.504,0.3,2.1,0.356,222,0,0
778,0,0.235,0,0,0.375,127,0,0
782,67,0.302,0.9,1.6,0,1161,0,0
784,65,0.195,1.9,3.8,0.379,336,0,0
785,0,0.231,1,-0.1,0,435,1,0
786,0,0.191,1.7,0.1,0.469,151,0,0
787,6,0.14,0.7,0.5,0.343,651,0,0
789,82,0.327,0.5,3.5,0.394,737,0,1
790,33,0.4,1,0.8,0.358,1341,0,0
791,54,0.392,1.3,1.3,0.167,187,0,0
792,17,0.502,4.8,0.4,0,774,1,0
793,82,0.376,3.7,3.3,0,350,1,0
794,77,0.445,1,7.3,0.376,1039,0,0
795,79,0.356,0.4,5.7,0.38,361,0,1
796,6,0.084,0,-0.7,0.298,2191,0,0
797,11,0.148,0.1,-0.1,0.337,270,0,0
798,1,0.767,4.4,0.7,0,188,1,0
799,76,0.092,1.3,1.9,0.358,876,0,0
800,45,0.086,0.2,-1,0.399,641,0,0
804,15,0.154,3.8,0.5,0,265,0,0
805,68,0.332,0.2,0.8,0.387,491,0,0
806,2,0.104,0.3,-0.1,0.354,781,0,0
807,82,0.298,0.4,3.1,0.393,182,0,0
808,23,0.16,0.8,-0.7,0.37,231,0,0
812,10,0.143,0.8,-0.5,0.373,229,0,0
813,0,0.191,0.3,-0.3,0.375,183,0,0
815,55,0.211,0.7,-0.6,0.32,256,0,0
816,78,0.15,1.5,2.9,0.361,254,0,0
817,70,0.289,0.1,1.8,0.401,636,0,0
818,1,0.14,0.3,-0.5,0.25,298,0,0
819,64,0.16,0.7,0.3,0.414,131,0,0
820,34,0.183,1.3,0.7,0.393,71,0,0
824,7,0.217,1,-0.1,0.325,1526,0,0
825,4,0.126,0.2,0.9,0.459,643,0,0
826,16,0.215,3,-0.4,0.319,1067,0,0
827,2,0.123,0.4,2,0.425,346,0,0
828,73,0.373,2.5,3.2,0.358,371,0,1
830,82,0.362,1.4,1.6,0,263,0,0
831,3,0.149,0.7,-0.1,0.354,213,0,0
836,1,0.244,0.8,1,0.381,387,0,0
837,0,0.387,1.8,1.6,0.315,199,0,0
838,9,0.167,0.7,-0.1,0.451,575,0,0
839,3,0.324,1.6,-0.4,0.25,238,0,0
840,30,0.477,4.2,0.7,0.167,83,1,0
841,0,0.323,0.3,-0.3,0.273,234,0,0
845,0,0.302,0.2,-0.3,0.417,941,0,0
846,0,0.192,3.7,-0.2,0,249,0,0
847,10,0.255,0.5,-0.3,0.333,1083,0,0
851,0,0.205,0.5,-0.3,0.167,130,0,0
852,68,0.15,0.2,0.5,0.348,893,0,0
853,5,0.136,1.5,-1.4,0.315,322,0,0
854,80,0.419,3.3,6.1,0,391,1,0
855,1,0.041,0.6,0.2,0.426,683,0,0
856,80,0.295,1.4,3.5,0.398,1248,0,1
857,19,0.224,5.8,0.8,0,169,1,0
858,44,0.34,1.2,0.8,0.327,286,0,0
859,9,0.243,1.5,0.9,0.351,210,1,0
860,4,0.16,1.4,-0.1,0.35,342,0,0
861,43,0.372,0.9,0.4,0,17,1,0
862,0,0.093,0.3,0.2,0.4,480,0,0
863,68,0.266,0.3,0.8,0.373,406,0,0
864,74,0.224,0.8,3.2,0.37,876,0,0
868,62,0.397,0.1,5.2,0.368,989,0,1
869,62,0.347,2.2,-0.2,0,308,1,0
870,68,0.435,1.2,1.8,0.373,640,0,0
871,22,0.646,3.6,1.4,0,721,1,0
872,2,0.329,0.3,0,0.324,42,0,0
873,0,0.132,0.3,-0.4,0.19,238,0,0
874,11,0.178,0.3,-0.7,0.264,336,0,0
875,0,0.043,0,-0.1,0.273,865,0,0
876,2,0.141,0.4,-0.2,0.209,833,0,0
877,27,0.063,0.1,0.8,0.464,298,0,0
878,76,0.122,0.8,-0.3,0.29,216,0,0
879,5,0.392,2.7,0,0.295,363,0,0
880,79,0.281,0.7,1.7,0.1,300,0,0
881,34,0.266,0.2,0.7,0.395,389,0,0
882,1,0.189,0.8,-0.1,0.294,353,0,0
886,4,0.365,0.6,-0.7,0.364,290,0,0
887,16,0.147,2,0.2,0.154,183,0,0
888,42,0.229,0.4,-0.4,0.36,703,0,0
889,1,0.222,0.3,0.4,0.377,325,0,0
890,0,0.345,1.6,-0.3,0,353,0,0
891,30,0.191,0.2,0.5,0.289,582,0,0
892,10,0.195,0.2,-0.2,0.34,508,0,0
893,62,0.13,1,1,0.395,321,0,0
894,82,0.422,0.3,2.3,0.331,1427,0,0
895,0,0.056,1.7,-0.4,0.34,282,0,0
900,20,0.34,5.6,0,0,124,1,0
901,0,0.229,0,-1,0.238,81,0,0
902,2,0.243,0.9,-0.6,0.143,562,0,0
903,6,0.21,0.4,-0.4,0.31,1317,0,0
904,61,0.203,0.9,1.1,0.316,251,0,0
909,0,0.667,0,-0.1,0,437,0,0
913,58,0.147,0.6,0.9,0.333,428,0,0
914,0,0.38,1.8,-0.2,0.294,367,0,0
918,36,0.306,1.3,1.1,0.382,222,0,0
919,0,0.373,1,-0.2,0.368,277,0,0
920,0,0.263,0.4,-0.3,0.28,77,0,0
921,1,0.171,0.2,-0.3,0.238,509,0,0
923,1,0.139,1,-0.1,0.043,202,0,0
924,37,0.145,0.7,1.3,0.394,333,0,0
926,76,0.244,3.2,0.9,0.264,273,0,0
927,12,0.122,0.9,-0.3,0.32,258,0,0
928,3,0.303,2.6,-0.8,0.258,220,1,0
929,50,0.5,1.8,1.3,0,335,1,0
930,78,0.226,0.2,3,0.352,468,0,0
931,20,0.262,4.7,0.7,0,495,1,0
932,0,0.176,0,0,0.25,694,0,0
933,5,0.342,0.4,-1,0.273,739,0,0
934,44,0.226,1.8,0.9,0.269,316,0,0
935,8,0.216,0.6,-0.5,0.269,1177,0,0
936,3,0.33,0.3,-0.5,0.25,694,0,0
937,79,0.362,0.5,0.6,0.329,236,0,1
941,7,0.117,1.4,0.5,0.39,702,0,0
942,0,0.305,1.4,-0.3,0.207,450,0,0
943,0,0.099,0,-0.3,0.379,111,0,0
944,54,0.371,0.3,3.1,0.349,467,0,0
949,41,0.196,0.5,-0.4,0.401,751,0,0
951,81,0.147,1,1.9,0.417,169,0,1
952,82,0.445,1.1,0,0,99,0,0
957,9,0.134,0.9,0.8,0.413,491,0,0
958,81,0.327,0.7,2.7,0.387,1134,0,0
959,0,0.165,2,0.2,0.44,469,0,0
967,81,0.385,2.5,0.3,0,480,1,0
968,29,0.294,1.8,2.1,0,218,1,0
975,0,0.152,2.2,-0.1,0.25,315,0,0
978,53,0.339,1.4,1.9,0.281,262,0,1
979,24,0.237,0.7,0,0.368,309,0,0
980,73,0.295,1,2.4,0.333,955,0,0
981,82,0.295,1.1,3.4,0.351,1111,0,1
982,16,0.439,0.8,0.6,0.297,181,0,0
983,0,0.143,0,0,0.333,507,0,0
984,5,0.263,0.5,0.7,0.366,238,0,0
985,0,0.364,0.4,-0.1,0.286,300,0,0
986,13,0.213,0.6,1,0.392,509,0,0
987,80,0.267,2.3,2.5,0.267,582,0,0
988,46,0.37,0.4,3,0.318,338,0,1
989,58,0.302,0.5,1.6,0.366,658,0,0
993,2,0.353,0.2,-1.1,0.296,891,0,0
994,7,0.363,0.2,0.1,0.342,192,0,0
995,50,0.139,1.5,0.9,0.359,1146,0,0
996,0,0.132,0.4,0,0.369,697,0,0
998,13,0.104,2.9,0.2,0.326,302,0,0
999,4,0.566,6.1,0.4,0,117,1,0
1000,31,0.231,0.9,-0.5,0.29,205,0,0
1001,1,0.113,1.8,0,0.315,215,0,0
1003,0,0.429,3.2,0.1,0,1218,0,0
1004,13,0.232,1.1,0.4,0.342,501,0,0
1005,16,0.403,0.7,-1.2,0.213,633,0,0
1006,9,0.321,0.5,0,0.386,344,0,0
1007,78,0.178,1.1,1.2,0.308,565,0,0
1008,3,0.495,2.3,0.2,0,271,1,0
1009,9,0.417,3,0.1,0,350,1,0
1010,22,0.293,1.4,-0.3,0.3,186,0,0
1011,0,0.267,2.3,0.1,0.4,848,0,0
1012,67,0.514,3.8,1.1,0,103,1,0
1018,9,0.346,2.4,0.2,0,270,0,0
1019,71,0.256,1.9,1.4,0.352,256,0,1
1021,41,0.277,1.5,2.2,0.345,587,0,0
1022,3,0.331,3.7,1.5,0.274,300,0,0
1023,20,0.551,4.6,0.9,0.308,119,1,0
1024,19,0.23,0.2,0.6,0.348,1107,0,0
1025,8,0.157,1.5,-0.1,0.273,371,0,0
1026,5,0.207,0.9,0.4,0.34,63,0,0
1027,71,0.445,2.8,1.6,0.159,400,0,0
1028,40,0.294,1,1.2,0.341,140,0,1
1029,3,0.416,1.1,-0.2,0.301,311,1,0
1030,82,0.157,0.5,2.9,0.35,369,0,0
1031,4,0.154,2.1,0.2,0.236,514,0,0
1037,19,0.099,1,0.1,0.513,403,0,0
1039,1,0.192,0.6,0.3,0.384,484,0,0
1040,10,0.175,0.1,0.2,0.323,385,0,0
1041,22,0.296,2.9,-0.3,0.366,113,1,0
1042,82,0.229,0.6,1.8,0.405,265,0,0
1043,74,0.152,1.8,2.1,0.362,421,0,0
1044,1,0.308,1.1,-0.1,0.5,68,1,0
1048,43,0.313,1.3,0.7,0.281,511,0,0
1049,71,0.163,1.2,3.1,0.324,521,0,0
1050,4,0.266,0.6,-0.3,0.308,264,0,0
1051,17,0.318,1.5,0.3,0.25,584,1,0
1052,10,0.302,2.1,0.1,0.364,239,0,0
1053,59,0.195,0.7,1.3,0.409,607,0,0
1054,1,0.123,2.2,-0.3,0.235,306,0,0
1055,9,0.211,0.2,0.5,0.374,344,0,0
1056,3,0.215,1.4,-0.6,0.304,162,0,0
1057,55,0.113,1,1.2,0.356,527,0,0
1063,0,0.125,0.2,0,0.352,168,0,0
1064,81,0.422,1.2,3.3,0.324,312,0,0
1065,1,0.167,0,-0.1,0.2,203,0,0
1066,28,0.184,0.4,0.1,0.355,506,0,0
1068,19,0.161,1,0.3,0.365,417,0,0
1069,5,0.319,2.1,0.9,0.345,575,0,0
1071,44,0.311,1.4,0.8,0.375,210,1,1
1072,77,0.099,0.5,0.2,0.352,343,0,0
1073,4,0.242,4.3,0.1,0,396,1,0
1077,21,0.213,0.6,0.3,0.387,943,0,0
1078,5,0.5,0.3,-0.3,0.371,788,0,0
1079,7,0.156,0.9,-0.1,0.214,473,0,0
1080,29,0.271,1.2,-0.1,0.266,325,0,0
1081,2,0.211,0,-0.1,0.429,934,0,0
1082,35,0.338,0.5,0.7,0.293,344,0,1
1083,4,0.208,0.6,-0.3,0.364,523,0,0
1087,43,0.144,0.5,0.1,0.318,92,0,0
1088,27,0.43,0.4,0.1,0.382,599,0,0
1089,21,0.154,0.2,0.2,0.379,213,0,0
1090,65,0.508,1,4.2,0.378,802,0,1
1091,1,0.13,1.2,0.1,0.387,776,0,0
1092,0,0.25,0,-0.1,0.636,333,0,0
1093,0,0.129,1.2,-0.1,0,503,0,0
1094,0,0.182,0.5,0.4,0.256,322,0,0
1095,42,0.09,0,-0.4,0.415,233,0,0
1096,82,0.163,0.5,0.6,0.345,162,0,0
1101,69,0.277,0.7,2.7,0.395,341,0,0
1102,1,0.14,1.1,0.2,0.297,565,0,0
1106,19,0.447,0.5,0.3,0.402,452,0,0
1107,37,0.401,0.4,0.6,0.294,395,0,0
1109,75,0.146,0.9,1.3,0.342,1351,0,0
1110,0,0.316,1.1,0,0.222,1916,0,0
1111,0,0.133,3.5,-0.1,0.286,169,0,0
1115,38,0.265,0.7,0.6,0.314,504,0,0
1120,45,0.335,0.7,1.4,0.373,346,0,0
1121,2,0.257,1.8,0.6,0.267,693,0,0
1122,70,0.282,0.5,2.6,0.386,344,0,0
1123,12,0.145,1,-0.5,0.311,174,0,0
1124,0,0.261,0,-0.1,0.35,389,0,0
1125,59,0.508,4,3.4,0.25,577,1,1
1126,49,0.287,1.3,1.1,0.374,1569,0,0
1127,9,0.105,1.6,0.3,0.353,69,0,0
1128,4,0.3,0.7,0.4,0.327,826,0,0
1132,27,0.139,1.7,0.2,0.1,162,0,0
1133,0,0.394,0,-0.1,0.308,1007,0,0
1135,80,0.251,0.5,7.9,0.443,1005,0,1
1147,68,0.384,6.2,5.7,0.083,1881,0,1
1148,0,0.373,1.9,-0.1,0,673,0,0
1149,15,0.395,4.8,-0.3,0,59,1,0
1150,13,0.124,0.1,-0.2,0.407,237,0,0
1151,72,0.319,0.8,1.5,0.355,118,0,0
1152,60,0.438,0.4,0.2,0.284,260,0,1
1153,15,0.147,0.9,1.1,0.32,127,0,0
1154,49,0.477,4.5,2.5,0.167,286,1,0
1155,1,0.201,1,-0.2,0.185,171,0,0
1156,17,0.572,2.3,0.1,0,440,0,0
1157,0,0.255,1.7,0,0.278,60,0,0
1158,0,0.381,0,-0.1,0.143,315,0,0
1162,1,0.052,0,-0.5,0.154,137,0,0
1163,82,0.38,4.8,1.2,0,293,1,1
1164,22,0.158,0.5,1.1,0.385,451,0,0
1165,77,0.38,5.1,4.2,0.286,244,1,0
1166,63,0.181,0.8,1.1,0.407,273,0,0
1167,27,0.366,2.2,1.9,0.403,133,0,1
1168,7,0.224,1.5,-0.5,0.262,161,0,0
1169,36,0.104,0.1,-0.4,0.37,156,0,0
1170,80,0.224,0.8,1.3,0.285,348,0,0
1171,3,0.381,1.4,0.1,0.326,186,0,0
1175,0,0.5,3.6,0.4,0.4,703,0,0
1176,7,0.708,0.5,-0.1,0,196,0,0
1177,76,0.25,1,2.6,0.304,441,0,0
1178,41,0.077,0.6,-0.8,0.314,145,0,0
1179,71,0.391,2.1,1.4,0.125,400,0,0
1180,0,0.07,0.8,0,0.361,124,0,0
1181,74,0.362,4.3,2.6,0.167,957,0,0
1182,3,0.142,1.2,-0.1,0.294,37,0,0
1183,9,0.146,0,0,0.5,207,0,0
1184,32,0.256,0.1,-0.1,0.378,382,0,0
1185,21,0.137,0.8,0.2,0.357,108,0,0
1190,0,0.271,0.3,-0.4,0.188,389,0,0
1192,51,0.072,1.7,0.5,0.393,46,0,0
1193,27,0.336,1.1,1.2,0.355,319,0,0
1194,41,0.153,0.7,0.3,0.352,748,0,0
1195,0,0.063,1.9,-0.2,0.222,500,0,0
1199,81,0.41,4,4.6,0.176,970,1,0
1200,78,0.317,4,3.2,0.462,302,0,1
1201,67,0.352,1.3,2.5,0.359,125,0,0
1205,0,0.224,0.9,0,0.409,98,0,1
1207,0,0.346,0.9,1.5,0.345,132,0,0
1208,37,0.639,7,4.3,0,993,1,0
1209,7,0.159,0.8,0.1,0.39,438,0,0
1210,2,0.413,1.3,-0.3,0.293,272,0,0
1211,8,0.293,2.2,-0.2,0.271,79,0,0
1212,0,0.227,0.1,-0.8,0.361,1089,0,0
1213,0,0.105,0,-0.2,0,345,0,0
1214,60,0.192,0.5,0.7,0.448,469,0,0
1215,82,0.226,3.6,2.4,0,271,1,0
1216,6,0.228,0.8,-0.2,0.357,79,0,0
1217,11,0.548,4,-0.5,0.314,218,0,0
1218,80,0.172,2.8,4.1,0.418,97,0,0
1219,79,0.261,2.9,4.4,0.337,101,0,1
1220,1,0.074,0,-0.3,0.298,145,0,0
1221,4,0.154,0.6,-0.2,0.354,837,0,0
1228,2,0.111,0.4,-0.7,0.347,1651,0,0
1229,67,0.373,1.2,3.6,0.4,257,0,0
1233,2,0.134,1.5,-0.3,0.301,96,0,0
1238,8,0.842,1.1,0.4,0.143,334,0,0
1239,30,0.218,0.7,-0.9,0.342,173,0,0
1240,81,0.561,1.6,7.8,0.375,1761,0,1
1241,4,0.259,1.1,-0.1,0.179,709,0,0
1242,3,0.309,0.7,1.3,0.357,378,0,0
1243,6,0.217,0.8,-0.4,0.204,480,0,0
1244,1,0.125,0.3,-0.3,0.369,1104,0,0
1245,63,0.258,1.2,1,0.364,321,0,0
1246,25,0.268,1.1,-0.4,0.2,167,0,0
1247,15,0.164,3.4,0,0.313,245,0,0
1249,76,0.425,0.9,3.6,0.364,373,0,0
1251,72,0.256,0.7,0.3,0.331,513,0,0
1254,76,0.287,5.1,0.5,0,78,1,0
1255,8,0.438,1.9,-0.3,0,269,1,0
1256,58,0.336,1,0.6,0.2,383,0,0
1257,36,0.267,0.9,2.4,0.358,878,0,0
1258,57,0.216,2.3,-0.3,0.273,1334,1,0
1259,78,0.304,0.6,1,0.327,185,0,0
1260,22,0.131,0.6,-0.3,0.345,442,0,0
1261,37,0.142,1.3,1.4,0.378,318,0,0
1262,4,0.191,1.4,0.2,0.321,317,0,0
1263,21,0.214,0.9,0.2,0.365,349,0,0
1264,76,0.146,3.5,3.4,0.306,159,1,1
1265,41,0.641,3.4,0.3,0.5,170,1,0
1266,0,0.286,1.5,0.1,0.5,453,0,0
1267,4,0.169,1,-0.3,0.314,875,0,0
1268,17,0.262,1.5,0.2,0,1173,0,0
1269,64,0.14,5.8,1.5,0.376,214,0,0
1270,0,0.23,0.9,1.9,0.349,283,0,0
1271,36,0.192,1.2,0.6,0.389,439,0,0
1272,32,0.113,0.5,0.5,0.356,941,0,0
1273,75,0.296,0.6,3.7,0.415,569,0,0
1274,27,0.278,0.5,0.3,0.267,324,0,0
1279,69,0.413,1.6,5.9,0.354,457,0,1
1280,61,0.163,3.3,1.1,0.4,912,1,0
1281,1,0.323,3.2,-0.2,0.133,155,0,0
1282,18,0.352,0.7,0.4,0.426,119,0,0
1283,3,0.192,0,0.1,0.404,1138,0,0
1284,41,0.263,0.3,1.1,0.36,432,0,0
1288,72,0.249,2.4,1.9,0.413,272,0,0
1293,17,0.252,4.1,1.6,0.216,3108,0,0
1294,80,0.172,0.4,1.5,0.359,369,0,0
1295,0,0.333,0.9,-0.3,0.238,1225,0,0
1296,2,0.281,1.3,0.1,0.375,786,0,0
1297,59,0.162,1.6,0.3,0.351,199,0,0
1298,0,0.524,0,-0.1,0,105,0,0
1299,2,0.229,0.9,0.1,0.36,654,0,0
1300,13,0.201,1,-0.5,0.233,801,0,0
1301,24,0.314,5.2,0.7,0.351,574,0,0
1302,82,0.882,5.4,4.3,0.25,322,1,0
1303,14,0.348,0.9,1,0.364,499,0,0
1308,16,0.284,0.1,0.1,0.296,73,0,0
1309,34,0.307,1.6,-0.3,0.336,921,0,0
1311,0,0.2,0,0,0.308,407,0,0
1316,75,0.197,1.5,3.3,0.492,224,0,0
1318,8,0.22,0.7,0.1,0.342,678,0,0
1320,22,0.181,0.4,-0.2,0.302,153,0,0
1321,1,0.315,2.9,-0.1,0.188,454,1,0
1322,40,0.261,0.4,-1.2,0.341,197,0,0
1323,75,0.392,0.3,1.7,0.341,520,0,0
1327,74,0.201,0.4,1.5,0.402,178,0,0
1328,4,0.332,2.1,0.8,0,1669,0,0
1330,44,0.295,5.3,0.4,0.333,117,1,0
1331,64,0.307,1.8,4.1,0.349,185,0,1
1332,7,0.131,1.2,0.5,0.42,794,1,0
1333,6,0.216,0.9,-0.2,0.241,223,0,0
1334,82,0.293,0.5,5.2,0.343,626,0,0
1335,30,0.41,1.4,0.6,0.369,996,0,0
1336,2,0.23,1,0.1,0,232,0,0
1337,44,0.278,4.8,1.1,0.1,974,1,0
1338,59,0.291,3.7,1.7,0,411,1,0
1339,75,0.337,1.2,2.5,0.367,595,0,0
1340,70,0.299,0.4,3.4,0.338,235,0,1
1341,0,0.048,0,-0.2,0.31,2142,0,0
1342,0,0.106,0.2,-0.2,0.315,201,0,0
1344,7,0.364,0.8,-0.1,0.182,274,0,0
1345,24,0.127,1.9,0.2,0.261,496,0,0
1346,3,0.089,0,-0.2,0.391,245,0,0
1349,36,0.309,0.1,0,0.393,390,0,0
1350,60,0.193,0.4,3,0.389,522,0,0
1351,15,0.198,0.9,0.3,0.357,171,0,0
1352,61,0.256,0.9,-0.6,0.307,272,0,0
1354,30,0.179,0.6,0.1,0.306,298,0,0
1355,3,0.2,0.6,0.3,0.396,217,0,0
1359,0,0.14,0.2,-0.5,0.317,226,0,0
1360,2,0.242,2.6,-0.1,0,136,0,0
1364,82,0.193,0.6,0.8,0.358,120,0,0
1365,0,0.182,2.1,-0.1,0.5,705,0,0
1366,4,0.245,0.9,0.1,0.421,39,0,0
1367,0,0.3,0.3,0.4,0.349,171,0,0
1369,58,0.18,0.4,2,0.407,495,0,0
1370,40,0.195,1.1,0.8,0.345,45,0,0
1375,15,0.035,0.5,-0.2,0.327,432,0,0
1379,0,0.119,0.2,0.3,0.341,105,0,0
1380,5,0.361,1.4,0.1,0.311,659,0,0
1381,73,0.362,2.4,3.7,0.356,611,0,1
1382,3,0.455,2.4,1.3,0.316,395,0,0
1385,0,0.144,0.9,-0.1,0.342,283,0,0
1386,0,0.085,0,-0.4,0.212,361,0,0
1387,35,0.148,0.6,0.8,0.358,818,0,0
1388,82,0.211,1.2,1.2,0.318,602,0,0
1389,0,0.145,0.5,1.2,0.434,364,0,0
1390,62,0.237,1.3,1,0.368,350,0,0
1394,13,0.365,0.6,0,0.392,114,0,0
1398,8,0.166,3.2,0.5,0.409,316,0,0
1399,10,0.246,0.3,-0.2,0.364,100,0,0
1407,3,0.132,2,-0.5,0.317,337,0,0
1408,67,0.407,2.6,2.8,0,262,1,0
1414,77,0.272,1.2,1.5,0.38,1275,0,0
1415,27,0.345,4.8,0.4,0,547,1,0
1417,17,0.236,3.8,0.4,0.279,314,0,0
1418,71,0.295,0.6,1.3,0.339,280,0,0
1419,13,0.258,2.1,1.5,0.349,355,1,0
1420,45,0.302,1,1.5,0,79,1,0
1421,1,0.091,1.3,-0.1,0.292,537,0,0
1422,0,0.057,0,0,0.409,409,0,0
1423,25,0.251,0.6,0.1,0.25,294,0,0
1424,68,0.2,0.1,0,0.427,160,0,0
1425,66,0.233,0.7,2.5,0.38,347,0,0
1426,4,0.15,1.6,2.8,0.371,397,0,0
1427,82,0.274,0.4,6.9,0.398,1063,0,1
1431,63,0.302,0.7,0.8,0.262,363,0,0
1435,73,0.32,1,1.7,0.389,640,0,0
1436,45,0.648,2.9,1.2,0,725,1,0
1440,13,0.202,1.7,0.6,0.337,202,0,0
1444,0,0.282,0.8,0,0.246,269,0,0
1449,20,0.202,0.3,0,0.284,576,0,0
1458,71,0.32,0.5,2,0.35,219,0,0
1459,78,0.216,0.3,1.6,0.437,320,0,0
1460,0,0.4,0,-0.1,0.143,396,0,0
1461,15,0.124,0.6,-0.1,0.323,845,0,0
1462,0,0.119,0.5,-0.3,0.317,317,0,0
1466,65,0.239,1.8,0.7,0.247,157,0,0
1467,10,0.164,0.4,-0.2,0.321,307,0,0
1480,51,0.224,0.8,0.3,0.28,555,0,0
1481,61,0.074,1,0.2,0.372,137,0,0
1482,22,0.324,0.1,0.3,0.255,1378,0,0
1483,2,0.087,0.4,-0.1,0.406,328,0,0
1484,0,0.204,3.3,-0.3,0.111,412,0,0
1485,18,0.268,3.1,-0.2,0,284,1,0
1486,0,0.083,1.1,-0.1,0.308,235,0,0
1487,32,0.272,1.9,-0.7,0.244,541,0,0
1489,10,0.269,0.2,-0.2,0.351,734,0,0
1490,16,0.352,0.8,0.5,0.25,339,0,0
1491,0,0.17,0.2,0.1,0.344,1567,0,0
1492,7,0.233,1.8,0.8,0.321,448,0,0
1493,0,0.182,3.8,-0.3,0,517,1,0
1504,32,0.273,1.7,-0.5,0.182,733,1,0
1508,21,0.217,0,0.2,0.313,360,0,0
1509,38,0.266,0.8,1.4,0.335,62,0,0
1517,31,0.258,2.1,-0.6,0.357,1734,1,0
1524,22,0.148,0.6,0.2,0.371,253,0,0
1525,9,0.276,2.1,-0.2,0.278,336,1,0
1527,1,0.216,1.2,-0.5,0.322,478,0,0
1528,25,0.2,0.4,-0.6,0.171,131,0,0
1530,0,1,0,-0.1,0.5,964,0,0
1531,36,0.286,0.4,0.9,0.39,362,0,0
1532,49,0.182,2.1,1.6,0.283,356,0,0
1533,13,0.36,0.2,-0.2,0.306,981,0,0
1534,72,0.36,1.2,2.1,0.343,359,0,0
1535,4,0.144,1.4,-0.1,0.321,451,0,0
1536,1,0.272,0,-0.1,0.3,366,0,0
1537,18,0.282,1,0.5,0.375,375,0,0
1538,18,0.108,0.9,0.7,0.39,119,0,0
1545,0,0.325,0.4,-0.3,0,765,0,0
1547,23,0.164,1.2,0,0.401,651,0,0
1548,63,0.334,2.3,0.1,0,907,0,0
1549,77,0.197,1.8,2.9,0.439,613,0,1
1557,63,0.24,0.7,1.9,0.345,841,0,0
1558,2,0.059,0.8,0.2,0.432,351,0,0
1559,57,0.189,0.7,0.6,0.277,202,0,0
1561,12,0.202,0.4,0.5,0.268,274,0,0
1562,80,0.423,3.6,0.8,0,440,1,0
1563,26,0.225,2,0.5,0,194,1,0
1564,29,0.091,0.4,0.4,0.379,475,0,0
1565,1,0.097,2.6,0,0.376,317,0,0
1566,0,0.342,2.7,-0.2,0.385,197,0,0
1567,74,0.181,1.7,1.6,0.333,971,1,0
1568,62,0.341,0.9,1.6,0.284,160,0,1
1572,13,0.107,1.2,0.2,0.341,451,0,0
1573,58,0.288,1.2,2.3,0.304,672,0,0
1574,79,0.31,1.3,3.9,0.3,1111,0,1
1575,0,0.441,1.1,-0.1,0.333,300,0,0
1576,1,0.089,1.1,0,0.238,332,0,0
1577,21,0.4,0.5,1.3,0.4,224,0,0
1578,1,0.124,1.4,-0.7,0.367,339,0,0
1579,0,0.703,0.2,-0.4,0.233,341,0,0
1580,66,0.235,2,1.8,0.2,682,0,0
1581,67,0.445,0.5,7.6,0.299,469,0,1
1582,0,0.548,1.5,0.1,0.167,681,0,0
1583,82,0.41,1.3,-0.2,0.31,284,0,0
1584,0,0.053,0.8,-0.1,0.368,380,0,0
1585,55,0.313,0.6,1.1,0.367,799,0,0
1586,6,0.404,0.2,-0.5,0.314,586,0,0
1590,0,0.426,0.4,1.5,0.34,448,0,0
1591,37,0.176,1.4,1.5,0.358,1064,0,0
1595,0,0.103,0,0,0.158,500,0,0
1607,2,0.221,1.3,0.4,0.38,492,0,0
1608,15,0.415,0.7,0.1,0.261,598,0,0
1609,0,0.284,0.5,-0.2,0.258,1528,0,0
1610,0,0.311,0.9,-0.4,0.369,227,0,0
1614,45,0.44,2.6,0.9,1,215,1,0
1616,29,0.318,2.2,0.5,0.388,191,0,0
1617,0,0.833,0,0,0,802,0,0
1619,57,0.164,0.3,-0.2,0.382,219,0,0
1620,17,0.197,3.4,-0.5,0,391,1,0
1621,74,0.289,2.8,2.2,0,79,0,0
1623,57,0.294,1,0.8,0.357,414,0,0
1624,82,0.217,1.8,1.3,0.361,245,0,0
1628,0,0.254,0.4,0,0.324,1057,0,0
1629,15,0.163,1.6,-0.4,0.267,1269,0,0
1630,9,0.314,3.2,0.1,0.265,619,0,0
1631,11,0.281,1.8,1.2,0.324,320,0,0
1632,7,0.245,1,0.3,0.366,84,0,0
1633,79,0.404,3.4,3.2,0.257,542,0,1
1634,72,0.308,1.1,2.9,0.339,166,0,0
1635,0,0.25,0,-0.1,0,332,0,0
1636,81,0.187,0.8,2.5,0.371,256,0,0
1637,16,0.108,2.6,0.6,0.385,472,0,0
1642,0,0.261,2.2,-0.1,0,857,1,0
1643,13,0.173,0.7,-0.2,0.404,546,0,0
1644,2,0.2,2.1,-0.1,0.2,189,1,0
1645,0,0.168,0.7,0,0.355,749,0,0
1646,16,0.135,0.1,0.3,0.385,360,0,0
1647,0,0.204,1.1,-0.9,0.188,60,1,0
1648,59,0.212,0.4,0.9,0.383,474,0,0
1649,45,0.199,2.4,1.3,0.322,236,0,0
1650,1,0.273,1.3,1.1,0.345,582,0,0
1651,0,0.467,3.2,1,0,251,0,0
1652,70,0.22,1.4,2.5,0.348,496,0,0
1653,18,0.206,0.6,0.4,0.437,326,0,0
1654,1,0.43,3.2,0.6,0,423,1,0
1655,68,0.208,1.4,1.2,0.357,456,0,0
1656,35,0.22,0.5,0.6,0.387,522,0,0
1657,0,0.239,2.1,-0.1,0.333,434,0,0
1658,7,0.217,0.1,-0.9,0.306,178,0,0
1659,0,0.37,0,-0.2,0.214,157,0,0
1660,63,0.148,1.1,1.6,0.4,496,0,0
1661,22,0.785,6.1,0.9,0,257,1,0
1662,0,0.234,1.6,0.6,0.384,176,0,0
1664,0,0.191,0.7,-0.2,0,344,1,0
1665,2,0.083,0.4,-0.4,0.344,147,0,0
1666,31,0.35,1.5,1.3,0.372,216,0,0
1667,39,0.176,0.2,-0.8,0.382,820,0,0
1668,66,0.179,5.8,2.4,1,494,1,0
1669,2,0.07,0.4,0.2,0.441,446,1,0
1670,51,0.295,0.8,-0.6,0.343,1179,0,0
1671,2,0.273,2.1,1.4,0.293,503,0,0
1672,53,0.349,1.5,1.8,0.365,289,0,0
1673,72,0.121,0.6,1.4,0.361,706,0,0
1674,1,0.125,2.7,-0.1,0,495,1,0
1675,12,0.254,0.9,-0.5,0.272,206,0,0
1676,0,0.136,0.7,-0.4,0.357,718,0,0
1677,11,0.159,0.7,-0.5,0.286,1613,0,0
1678,0,0.16,1.3,-0.1,0.125,404,0,0
1679,6,0.292,1.2,-0.2,0.314,270,0,0
1680,66,0.252,0.5,-0.2,0.285,392,0,0
1684,0,0.153,0.4,0.2,0.415,194,0,0
1685,0,0.129,0.4,0,0.344,96,0,0
1686,3,0.422,0.4,-0.1,0.405,621,0,0
1687,1,0.203,0.5,0,0.167,174,0,0
1688,67,0.459,1.3,3.7,0.312,1083,0,1
1689,0,0.154,4.1,0.4,0.306,542,0,0
1690,72,0.105,0.3,1,0.414,387,0,0
1691,76,0.238,0.5,2.2,0.309,173,0,0
1692,39,0.249,0.5,-0.4,0.363,345,0,0
1693,35,0.531,5.2,0.9,0,600,1,0
1694,22,0.185,0.6,0.4,0.39,153,0,0
1695,3,0.245,1.5,0.2,0.349,723,0,0
1696,37,0.292,2.1,0.5,0.273,395,0,0
1697,21,0.256,0.7,0.8,0.409,397,0,0
1698,39,0.369,3.8,1,0,142,1,0
1702,60,0.545,2.2,0.6,0,322,1,0
1703,1,0.168,1.7,-0.2,0.357,671,0,0
1704,79,0.186,0.2,0.4,0.347,924,0,0
1705,23,0.134,0.3,-0.5,0.324,325,0,0
1706,15,0.291,0.1,0.9,0.401,509,0,0
1707,4,0.303,1.7,0.1,0,803,0,0
1708,56,0.329,0.8,1.7,0.363,472,0,0
1709,0,0.102,0,-0.2,0.238,169,0,0
1710,1,0.137,0,-0.2,0.278,37,0,0
1714,65,0.498,3.3,2.6,0.333,860,1,1
1715,49,0.249,1.6,0.9,0.353,1265,0,0
1716,8,0.167,0.6,0.7,0.393,343,0,0
1717,5,0.289,0.4,-0.3,0.34,796,0,0
1718,73,0.294,1.2,2.8,0.336,555,0,0
1719,46,0.199,1.4,0.4,0.316,223,0,0
1723,9,0.241,0.4,0.1,0.45,1309,0,0
1724,79,0.25,0.4,9.8,0.454,1238,0,1
1725,0,0.048,0.5,0.1,0.484,187,0,0
1726,61,0.379,4.7,2.3,0.324,1648,1,1
1728,11,0.304,0.6,0,0.375,141,0,0
1730,14,0.129,0.4,0.2,0.41,146,0,0
1731,73,0.258,0.9,2.3,0.344,182,0,0
1732,78,0.474,0.6,2.4,0.338,990,0,1
1733,4,0.198,1.2,1.1,0.362,204,0,0
1734,39,0.428,3.5,2.5,0.3,302,1,0
1735,0,0.611,0,-0.1,0.1,320,0,0
1736,18,0.222,0.3,0.8,0.399,71,0,0
1737,72,0.189,0.6,1.6,0.312,121,0,0
1738,81,0.553,3.2,1,0.333,339,1,0
1739,41,0.201,0.7,1.6,0.42,313,0,0
1740,60,0.297,3.9,2.4,0,382,1,0
1741,30,0.197,1,0,0.394,284,0,0
1742,72,0.361,2.5,6.4,0.387,309,0,1
1743,2,0.1,1.5,-0.2,0.267,54,0,0
1744,0,0.123,0.6,-0.1,0.319,360,0,0
1745,41,0.112,0.3,-0.5,0.358,133,0,0
1746,81,0.202,1.1,1.6,0.309,190,0,0
1751,7,0.182,0.1,-0.5,0.333,148,0,0
1752,2,0.438,3,0,0.25,506,0,0
1753,25,0.296,0.9,0.7,0.388,385,0,0
1754,64,0.355,2.9,1.2,0.5,481,0,0
1755,10,0.1,0.6,0.1,0.356,107,0,0
1756,59,0.313,3.9,2.3,0,1316,0,0
1757,4,0.486,3,0.2,0,387,1,0
1758,31,0.258,0.6,0.6,0.282,45,0,0
1759,71,0.256,0.1,1.7,0.4,586,0,0
1772,53,0.617,0.8,1.5,0.364,280,0,0
1773,7,0.194,0.8,0.8,0.344,403,0,0
1774,38,0.183,1.5,0.3,0,374,0,0
1775,52,0.347,3.6,1.3,0.667,532,1,1
1776,72,0.29,4.7,3.5,0.348,358,1,0
1777,70,0.252,1.7,1,0.344,219,0,0
1778,38,0.259,0.7,0.5,0.283,247,0,0
1779,81,0.364,0.8,4.6,0.371,94,0,1
1780,55,0.292,2.9,1.7,0,260,0,0
1781,0,0.257,0.8,1.6,0.391,188,0,0
1783,0,0.136,2.9,-0.2,0.171,284,0,0
1784,13,0.457,1,-0.7,0.232,531,0,0
1785,37,0.333,2.4,1.8,0.296,223,0,0
1786,44,0.226,0.8,0.5,0.384,643,0,0
1787,74,0.271,3.4,1.8,0,196,1,0
1788,0,0.2,3.3,0,0.111,95,0,0
1789,52,0.538,4.7,0.4,0.24,244,0,0
1790,6,0.315,0.6,-0.5,0.22,156,0,0
1791,79,0.082,2.4,2.5,0.332,87,0,0
1792,81,0.402,3,5.5,0.388,520,0,1
1796,14,0.157,0.9,-0.4,0.323,489,0,0
1797,15,0.277,2.1,0,0.333,808,0,0
1801,35,0.322,1.1,1.6,0.333,273,0,0
1802,0,1,0,0,0,743,0,0
1806,4,0.181,0.8,0,0.289,203,0,0
1807,0,0.915,1.7,-0.1,0.667,293,0,0
1808,1,0.211,0.6,0,0.338,132,0,0
1809,82,0.518,1.4,6.9,0.359,974,0,1
1810,14,0.27,1.9,0.7,0.279,1431,0,0
1811,0,0.2,0,0,0.444,429,0,0
1812,1,0.511,2.4,0,0,219,0,0
1813,0,0.374,0.8,0.7,0.329,308,0,0
1814,76,0.174,0.6,1.3,0.354,494,0,0
1819,0,0.632,0,-0.1,0.3,126,0,0
1820,0,0.262,0.6,-0.2,0.111,246,0,0
1821,6,0.212,2.1,0.4,0.373,153,0,0
1823,80,0.397,0.8,3.3,0.349,601,0,1
1824,0,0.276,1,-0.5,0.353,598,0,0
1825,1,0.402,9.7,0.9,0,160,1,0
1826,9,0.129,1,-0.3,0.349,110,0,0
1827,81,0.353,4.6,0.3,0,32,1,0
1831,11,0.482,1.9,0.6,0,266,0,0
1832,73,0.203,0.5,2.2,0.408,952,0,0
1833,11,0.228,2,0.5,0,999,1,0
1834,3,0.202,1,0.4,0.324,382,0,0
1835,2,0.305,0.2,-0.2,0.38,263,0,0
1839,23,0.231,1,1.7,0.336,362,0,0
1843,17,0.377,2.1,0.5,0.286,143,0,0
1844,1,0.333,4.3,0.2,0.182,322,0,0
1845,79,0.206,0.5,1.7,0.359,535,0,0
1846,82,0.123,3.6,4.1,0.344,373,1,0
1847,71,0.79,4.1,1.5,0,165,1,0
1848,0,0.126,0.6,-0.9,0.262,444,0,0
1849,0,0.333,2.8,-0.1,0.667,175,0,0
1854,0,0.071,1,-0.1,0.302,132,0,0
1855,78,0.139,4.5,1.2,0.326,371,0,0
1856,1,0.226,0.8,1.6,0.351,259,0,0
1860,2,0.062,0.3,0.7,0.386,978,0,0
1861,1,0.216,1.6,-0.2,0.231,115,0,0
1862,53,0.217,0.9,1.5,0.321,827,0,1
1863,32,0.313,0.6,0.2,0.304,305,0,0
1864,79,0.271,0.3,2.6,0.353,548,0,0
1865,76,0.347,1.5,7.6,0.309,472,0,1
1867,0,0.273,1.6,-0.1,0,147,0,0
1868,5,0.279,0.9,0.4,0.382,417,0,0
1875,0,0.273,1.6,0,0.398,543,0,0
1876,76,0.284,3.6,2.3,0.233,212,0,0
1877,2,0.216,2,0.1,0.273,708,0,0
1878,32,0.283,2.9,0.3,0.303,2982,0,0
1885,6,0.17,0.5,-0.2,0.307,475,0,0
1886,5,0.263,1.2,0.5,0.38,784,0,0
1887,9,0.089,2.6,1,0.333,133,0,0
1888,55,0.317,2.3,3,0.333,685,1,0
1890,0,0.183,1.8,0.1,0.394,412,0,0
1891,11,0.316,3.1,-0.4,0.316,339,0,0
1892,0,0.25,0.4,-0.3,0.302,122,0,0
1893,77,1.219,5.4,3.5,0,142,1,1
1894,4,0.297,0.8,0.5,0.273,434,0,0
1895,2,0.07,0.7,-0.1,0.25,65,1,0
1896,3,0.282,2,0.3,0.337,59,1,0
1897,1,0.349,1.5,0.1,0.476,553,1,0
1898,5,0.378,0.4,-0.2,0.297,52,0,0
1899,0,0.362,1.7,-0.5,0.135,965,0,0
1900,7,0.475,1.2,0,0.429,189,0,0
1904,50,0.204,0.9,0.8,0.342,81,0,0
1905,80,0.088,1.1,1.1,0.398,94,0,0
1907,0,0.173,2,0.4,0.309,415,0,0
1908,12,0.364,1.2,0.2,0.462,196,0,0
1909,17,0.213,0.6,-0.1,0.361,94,0,0
1910,15,0.182,1.2,-0.1,0.245,491,1,0
1911,33,0.212,0.6,0.3,0.389,163,0,0
1921,46,0.383,2.8,-0.7,0.143,95,1,0
1922,72,0.306,2.3,6.2,0.443,351,0,1
1923,10,0.106,1.1,0.2,0.377,603,0,0
1924,27,0.217,2,0.3,0.382,306,0,0
1925,75,0.315,0.8,3.8,0.375,881,0,0
1926,13,0.401,1.7,0.5,0.336,981,0,0
1927,3,0.245,1.3,0.6,0.167,469,0,0
1929,73,0.348,4.1,2.1,0.143,646,1,0
1930,82,0.243,4.4,1.9,0,282,1,0
1931,77,0.321,1.4,2.8,0.36,663,0,1
1932,77,0.41,1,6.3,0.388,684,0,1
1933,33,0.188,1.1,-0.3,0.383,190,0,0
1938,0,0.338,0.3,-0.2,0.25,187,0,0
1939,6,0.11,0.4,-0.7,0.327,142,0,0
1940,0,0.534,1.7,-0.1,0,283,0,0
1944,78,0.171,0.5,1.6,0.36,183,0,0
1945,24,0.125,0.6,-0.4,0.321,234,0,0
1946,61,0.275,1.2,0.1,0.325,226,0,0
1947,1,0.583,2.2,0.1,0.5,1948,0,0
1951,80,0.158,0.6,1.7,0.417,311,0,0
1952,17,0.088,0.5,0,0.348,471,0,0
1953,4,0.211,2.7,0.1,0.382,315,0,0
1954,1,0.417,2.1,-0.2,0.28,99,0,0
1955,4,0.13,0.2,-0.5,0.425,196,0,0
1956,0,0.435,2.1,-0.1,0,99,0,0
1957,2,0.269,5.9,-0.1,0,602,1,0
1958,53,0.226,0.6,-0.4,0.362,117,0,0
1962,1,0.27,0.9,0.1,0.245,42,0,0
1963,0,0.2,0,0,0.444,226,0,0
1964,6,0.59,7.6,0.3,0,330,1,0
1966,79,0.273,0.6,1.9,0.396,466,0,0
1967,24,0.196,1.6,0.7,0.367,42,0,0
1972,3,0.095,0.3,1.6,0.384,136,0,0
1973,0,0.462,1.5,0,0.083,206,0,0
1974,81,0.383,4.1,4.9,0.319,567,0,1
1975,38,0.297,2,1.3,0.39,157,0,0
1977,67,0.327,2.5,2.1,0,136,1,0
1978,0,0.211,0,-0.2,0.111,674,0,0
1979,22,0.09,1,0.1,0.452,704,0,0
1980,80,0.287,0.6,2,0.362,624,0,0
1984,6,0.117,0.4,-0.2,0.387,365,0,0
1985,22,0.259,0.8,-0.3,0.281,700,0,0
1986,48,0.265,3.5,0.3,0.143,372,1,0
1987,66,0.231,1.4,-1.2,0.319,173,0,0
1988,0,0.355,0.3,-0.9,0.289,102,0,0
1989,0,0.182,1.1,-0.1,0.391,461,0,0
1990,0,0.257,3.8,0.2,0.308,260,1,0
1991,22,0.157,1.4,0.2,0.1,290,0,0
1992,0,0.224,0.1,-0.4,0.327,58,0,0
1993,2,0.169,0.1,-0.2,0.41,53,0,0
1994,15,0.114,0.4,-0.3,0.299,277,0,0
1995,53,0.167,0.1,-0.1,0.395,353,0,0
1996,0,0.21,2.2,-0.4,0.36,395,0,0
1997,2,0.338,3.3,0.6,0,328,1,0
1998,62,0.387,3.9,1.3,0.5,222,1,0
1999,1,0.341,4.4,0.3,0.333,66,1,0
2003,75,0.252,1.8,1.7,0.368,1407,0,0
2004,3,0.409,6.5,0.1,0,300,1,0
2005,4,0.191,0.8,-0.9,1,687,0,0
2006,1,0.221,4.9,0.5,0.227,368,0,0
2007,48,0.248,2.9,-0.8,0.167,337,1,0
2008,52,0.255,1.9,2.3,0.348,426,0,0
2009,8,0.23,1.8,1.1,0.405,200,1,0
2010,9,0.232,0.8,-0.7,0.316,252,0,0
2011,69,0.587,0.9,1.7,0,265,1,0
2012,6,0.212,1.4,-0.2,0.313,124,0,0
2013,72,0.254,1,-0.2,0.257,161,0,0
2014,72,0.241,0.4,1,0.415,180,0,0
2015,51,0.209,1,1.8,0.414,348,0,0
2016,0,0.275,0.4,-0.3,0.245,240,0,0
2017,0,0.069,1.3,1.5,0.362,504,0,0
2018,74,0.294,0.4,6,0.371,816,0,0
2019,2,0.179,1.8,-0.5,0.281,41,0,0
2020,1,0.086,0.7,0.1,0.324,784,0,0
2021,69,0.26,0.8,0.4,0.326,243,0,0
2023,38,0.166,1.1,-0.3,0.31,427,0,0
2024,0,0.08,2.1,-0.1,0,338,1,0
2025,82,0.648,3.2,2.5,0,495,1,0
2026,73,0.176,1.1,2.2,0.367,138,0,0
2027,4,0.151,1.5,-0.4,0.308,125,0,0
2028,72,0.271,5,1.1,0.333,451,0,0
2029,2,0.48,2,0.4,0.125,284,0,0
2030,24,0.231,1.1,0.3,0.404,862,0,0
2034,18,0.136,0.9,0.4,0.347,469,0,0
2035,3,0.054,0.1,0.5,0.295,204,0,0
2036,44,0.083,0.7,-0.4,0.174,190,0,0
2037,60,0.323,1,-0.9,0.278,203,0,0
2038,53,0.238,0.6,0.6,0.231,158,0,0
2039,75,0.233,0.2,1.5,0.475,279,0,0
2041,2,0.232,1.7,0.7,0.461,1230,0,0
2042,7,0.225,0.5,-0.1,0.335,382,0,0
2043,70,0.197,2,1.3,0.311,464,0,0
2047,4,0.258,1.4,-0.1,0.378,157,0,0
2049,7,0.375,3.2,-0.2,0,301,0,0
2050,72,0.192,0.3,1.9,0.365,336,0,0
2051,66,0.171,0.5,-0.7,0.293,514,0,0
2052,7,0.099,1.2,0.8,0.386,340,0,0
2053,0,0.094,0.3,-0.4,0.222,165,0,0
2054,76,0.536,0.4,2.3,0.326,1338,0,0
2055,0,0.129,0.3,-0.2,0.34,177,0,0
2056,25,0.108,1.6,0.2,0.414,665,0,0
2057,48,0.199,0.5,0.1,0.351,284,0,0
2062,6,0.233,0.4,0.3,0.322,1103,0,0
2063,76,0.14,1.4,0.3,0.404,461,0,0
2064,0,0.168,1.2,0.4,0.392,1374,0,0
2065,11,0.266,1.7,1.4,0.339,131,0,0
2066,0,0.112,5.2,-0.3,0,186,1,0
2067,5,0.478,0.2,0.1,0.324,273,0,0
2068,5,0.167,1.2,0.6,0.295,1061,0,0
2069,2,0.38,0.5,0.2,0.383,236,0,0
2071,2,0.199,0.7,-0.1,0.309,479,0,0
2072,33,0.297,0.2,-0.1,0.384,354,0,0
2073,10,0.314,0.8,1.1,0.253,63,0,0
2078,77,0.084,0.7,2,0.4,528,0,0
2079,2,0.133,4.6,-0.1,0.25,1543,1,0
2083,0,0.591,1.4,0,0.2,124,0,0
2084,33,0.097,1,-0.7,0.361,189,0,0
2085,0,0.25,3,-0.4,0.387,718,1,0
2086,2,0.31,1.6,0.2,0,76,1,0
2087,35,0.217,0.8,-0.7,0.326,191,0,0
2091,1,0.357,0.5,-0.2,0.241,185,0,0
2092,73,0.2,1.9,1.5,0.282,454,0,0
2093,78,0.316,0.8,1.3,0.4,493,0,0
2094,1,0.199,1,0.7,0.393,464,0,0
2095,43,0.248,0.7,0.5,0.345,538,0,0
2096,7,0.088,0.6,-0.3,0.356,82,0,0
2097,79,0.394,0.3,3.3,0.359,1030,0,1
2098,5,0.312,0.4,-0.4,0.404,510,0,0
2099,17,0.141,0.8,-0.6,0.38,580,0,0
2103,80,0.159,1.4,1.8,0.425,850,0,1
2108,5,0.142,0.9,0.7,0.36,447,0,0
2109,0,0.243,1.6,-0.1,0.325,773,0,0
2110,82,0.239,4.3,3.1,0.341,397,1,0
2111,80,0.244,0.6,1.7,0.33,620,0,0
2112,12,0.238,1,0.8,0.241,309,0,0
2113,30,0.228,5.1,-0.1,0.214,326,1,0
2121,0,0.188,0,-0.6,0.247,279,0,0
2122,6,0.056,1.4,-1,0.293,112,0,0
2123,4,0.073,1.9,-0.4,0.273,385,0,0
2124,56,0.183,1.7,-0.6,0.239,97,0,0
2125,60,0.143,2.8,2,0.222,910,1,0
2126,25,0.141,0.4,0.1,0.364,422,0,0
2127,73,0.343,1.4,1.6,0.159,311,0,0
2128,15,0.222,0.5,-0.1,0.358,320,0,0
2129,81,0.329,1.1,4.4,0.371,1024,0,1
2130,77,0.255,1.7,3.7,0.351,863,0,1
2131,4,0.145,1.2,0.2,0.4,378,0,0
2132,2,0.285,0.6,-0.2,0.292,96,0,0
2133,19,0.179,3,1.9,0.429,641,0,0
2134,80,0.397,0.6,8.3,0.296,1017,0,1
2135,0,0.182,2,0,0,485,0,0
2136,81,0.437,1.3,-0.1,0.3,215,0,0
2137,0,0.182,0.9,0,0.391,398,0,0
2139,63,0.266,0.6,1,0.344,393,0,0
2140,9,0.453,0.5,-0.2,0.293,393,0,0
2141,0,0.4,0,-0.1,0.25,1018,0,0
2142,35,0.612,0.8,1.1,0.344,299,0,0
2143,81,0.193,2.7,2.7,0.402,1209,0,0
2144,14,0.139,0.5,-0.2,0.353,718,0,0
2145,8,0.253,0.9,0.8,0.276,249,0,0
2146,10,0.364,6.8,0.6,0,188,1,0
2147,0,0.396,3.7,-0.1,0.364,621,0,0
2148,5,0.322,1.5,-0.3,0.31,149,0,0
2150,1,0.438,1.1,0.1,0.385,236,0,0
2151,3,0.569,0,-0.4,0.176,597,0,0
2152,0,0.111,0.4,-0.1,0.231,1461,0,0
2153,0,0.148,0,-0.3,0.217,464,0,0
2154,2,0.204,0.5,-0.7,0.325,354,0,0
2155,73,0.169,1.2,1.3,0.233,330,0,0
2156,60,0.531,2.9,1.3,0.1,181,1,0
2158,6,0.144,0.6,-0.1,0.381,75,0,0
2162,80,0.392,2.6,1.5,0,26,1,0
2163,45,0.221,0.4,-0.6,0.411,14,0,0
2164,15,0.225,3.1,-0.3,0,40,1,0
2165,72,0.258,3.1,1.8,0.411,5,0,0
2166,5,0.196,2.4,0.4,0,10,0,0
2167,66,0.218,1.4,1.3,0.278,48,0,0
2168,25,0.292,2,0.4,0.33,19,0,0
2169,0,0.636,5,0,0,10,1,0
2170,0,0.2,0,-0.2,0.318,75,0,0
2174,14,0.273,2.1,0.9,0.375,29,0,0
2175,72,0.194,0.5,0.6,0.403,12,0,0
2176,80,0.486,4.7,6.9,0.272,236,0,0
2177,74,0.263,1.1,0.8,0.359,44,0,0
2178,80,0.158,0.6,2.6,0.344,28,0,0
2179,7,0.102,2.5,0.3,0.453,46,0,0
2181,20,0.311,0.1,-0.9,0.347,15,0,0
2182,55,0.053,0.8,0.1,0.414,82,0,0
2183,13,0.198,0.8,-0.5,0.267,218,0,0
2184,1,0.322,1.7,-0.4,0.136,13,0,0
2185,0,0.115,0.7,-0.5,0.357,17,0,0
2186,6,0.149,0.1,0.3,0.358,24,0,0
2187,79,0.22,0.5,0.1,0.351,19,0,0
2191,19,0.285,1.3,1,0.37,42,0,0
2192,0,0.473,1.6,0.2,0.333,18,0,0
2193,77,0.291,1,2.1,0.333,33,0,0
2194,1,0.313,0,-0.1,0.4,16,0,0
2196,64,0.233,2.3,0.6,0.346,20,0,0
2197,77,0.259,0.7,2.8,0.404,53,0,0
2198,1,0.137,0,-0.1,0.321,20,0,0
2199,6,0.259,2.5,-0.2,0.419,37,0,0
2200,0,0.273,0.4,0.1,0.36,25,0,0
2201,1,0.163,1.2,-0.2,0.056,23,0,0
2202,0,0.068,3.1,-0.3,0.277,19,0,0
2203,1,0.391,0.9,-0.1,0.271,28,0,0
2204,6,0.145,2.8,0.8,0.399,163,0,0
2205,67,0.175,1,2.2,0.382,56,0,0
2207,1,0.171,1.4,0.3,0.316,16,0,0
2208,16,0.371,3.3,0.1,0.5,30,1,0
2209,66,0.443,1.2,2.9,0.335,34,0,0
2216,0,0.375,3.1,0,0.25,24,0,0
2217,78,0.308,0.6,-0.2,0.363,148,0,0
2218,43,0.186,1.2,1,0.321,62,0,0
2219,55,0.12,0.5,0.7,0.39,116,0,0
2223,28,0.198,0.5,0.8,0.404,188,0,0
2224,0,0.133,0.9,-0.6,0.375,61,0,0
2228,0,0.033,0,-0.2,0.4,183,0,0
2229,20,0.293,1.1,-0.7,0.341,30,0,0
2230,2,0.156,1.4,0.1,0.305,40,0,0
2231,5,0.055,0.5,0.2,0.384,28,0,0
2232,0,0.114,0.6,-0.7,0.443,10,0,0
2233,0,0.315,0.6,-0.4,0.329,79,0,0
2234,75,0.54,0.9,6.3,0.367,173,0,0
2238,75,0.199,0.4,1.9,0.35,12,0,0
2239,0,0.191,0.1,-0.2,0.266,16,0,0
2241,72,0.213,1.2,1.4,0.341,8,0,0
2242,15,0.235,1.9,1.4,0.378,98,0,0
2243,19,0.252,2.2,-0.1,0.234,167,0,0
2248,21,0.314,2.9,0.3,0,7,1,0
2250,33,0.207,1.1,0.7,0.337,191,0,0
2251,75,0.286,3.2,0.2,0.321,37,0,0
2252,1,0.139,0.5,-1.1,0.19,22,0,0
2253,0,0.134,0.6,0,0.374,58,0,0
2254,19,0.157,0.3,-0.4,0.329,71,0,0
2255,0,0.192,0,-0.2,0.231,38,0,0
2256,64,0.239,0.4,0.3,0.417,29,0,0
2257,0,0.348,1.2,0,0,66,0,0
2258,68,0.365,0.8,4.5,0.408,42,0,0
2259,1,0.125,0.5,0,0.515,14,0,0
2263,67,0.238,2.6,1.8,0.333,270,0,0
2264,7,0.192,0.7,0.5,0.444,25,0,0
2265,1,0.234,0.5,-0.6,0.36,54,0,0
2266,0,0.119,0.4,0.2,0.389,18,0,0
2267,72,0.301,0.8,2.1,0.398,120,0,0
2268,35,0.075,1.4,0.6,0.392,50,0,0
2269,42,0.142,0.3,1.7,0.425,125,0,0
2270,79,0.251,0.5,6.2,0.411,55,0,0
2271,3,0.109,0.3,-0.3,0.389,33,0,0
2272,75,0.424,5.1,3.9,0.299,154,1,0
2274,2,0.159,1.2,0.3,0.321,27,0,0
2275,2,0.24,0.1,-1.2,0.236,54,0,0
2276,54,0.18,0,-1.4,0.367,7,0,0
2277,49,0.149,1.1,-0.2,0.309,15,0,0
2278,74,0.419,0.4,1.9,0.266,80,0,0
2279,33,0.107,0.6,-0.3,0.247,8,0,0
2280,82,0.253,3.1,2.5,0.372,34,0,0
2281,18,0.526,1.3,0.4,0.376,24,0,0
2282,0,0.248,1.2,0.1,0.167,7,0,0
2283,73,0.335,0.4,2.9,0.405,14,0,0
2284,81,0.39,3.1,1.7,0.286,23,1,0
2285,7,0.188,0.9,0.6,0.379,15,0,0
2289,7,0.188,2.3,-0.1,0.288,16,0,0
2290,62,0.374,3.8,5.2,0.375,12,0,0
2291,0,0.474,0,-0.1,0.25,20,0,0
2292,2,0.125,0.6,-0.2,0.286,19,0,0
2293,13,0.077,0.2,0.7,0.378,17,0,0
2294,33,0.23,1.2,-0.2,0.319,16,0,0
2295,31,0.569,7.7,1,0.367,358,1,0
2296,28,0.343,1.2,0.8,0.372,14,0,0
2303,26,0.201,0.8,-0.1,0.295,10,0,0
2304,34,0.454,2.4,0.9,0,40,0,0
2306,39,0.261,2.7,0.6,0.3,136,0,0
2307,0,0.31,1.5,-0.4,0.318,31,0,0
2309,11,0.125,1.1,0.5,0.319,6,0,0
2310,35,0.183,1.4,0.2,0.293,164,0,0
2311,0,0.061,0,-0.3,0.321,61,0,0
2312,66,0.298,0.1,0.4,0.356,55,0,0
2313,40,0.194,0.5,-0.6,0.33,13,0,0
2314,35,0.319,0.3,-0.1,0.313,54,0,0
2315,15,0.142,2.1,0.5,0.409,29,1,0
2316,63,0.516,0.5,1.5,0.389,34,0,0
2320,74,0.286,3.7,4,0.388,67,1,0
2321,39,0.305,3.5,2.4,0.538,23,1,0
2322,30,0.312,2.3,0.7,0.372,24,0,0
2323,0,0.2,0,-0.1,0,24,0,0
2324,0,0.643,0.9,-0.1,0,22,0,0
2325,75,0.277,0.9,3.2,0.393,12,0,0
2326,0,1.429,0,0,0.5,152,0,0
2327,0,0.305,0,-0.2,0.333,53,0,0
2331,0,0.244,1,1.3,0.392,12,0,0
2332,81,0.763,6.4,5.4,0,160,1,0
2336,72,0.251,1.4,0.8,0.288,14,0,0
2337,15,0.172,1.4,0.4,0.372,111,0,0
2338,82,0.236,2.1,1.5,0,21,1,0
2339,1,0.375,0.5,0,0.6,51,0,0
2343,28,0.243,0.6,0.4,0.366,13,0,0
2344,68,0.071,2.6,2,0.379,6,0,0
2345,76,0.328,3.4,4.6,0.308,18,0,0
2346,0,0.177,1.1,-0.4,0.351,43,0,0
2347,75,0.334,1.5,1.4,0.379,129,0,0
2348,11,0.301,0.7,-1,0.275,45,0,0
2349,61,0.434,0.9,3.4,0.336,18,0,0
2350,7,0.137,2.8,0.4,0.304,88,1,0
2351,0,0.476,7.2,-0.1,0.5,55,1,0
2352,30,0.235,0.6,0.9,0.357,29,0,0
2353,81,0.575,1,9,0.347,146,0,0
2354,69,0.199,2.5,1.5,0.351,81,0,0
2356,14,0.351,3.2,0.8,0.143,47,1,0
2357,0,0.378,0.6,0.4,0.328,33,0,0
2358,56,0.21,0.3,1.6,0.42,61,0,0
2359,11,0.135,0.5,-0.3,0.385,96,0,0
2360,0,0.267,0,-0.1,0,9,0,0
2361,48,0.213,1.3,2.1,0.347,13,0,0
2362,0,0.5,0,0,0,15,0,0
2363,18,0.539,1.3,-0.2,0.276,3,0,0
2364,0,0.652,0.6,-0.1,0,17,1,0
2368,73,0.371,0.6,4,0.398,127,0,0
2369,41,0.298,0.7,-0.5,0.353,57,0,0
2370,39,0.346,6.1,0.5,0,16,1,0
2371,9,0.339,1.1,0.1,0.407,20,0,0
2372,22,0.269,2.2,0.7,0.267,87,1,0
2373,2,0.152,1.2,-0.9,0.299,10,0,0
2377,8,0.496,2.7,0.8,0.333,41,1,0
2378,49,0.323,0.6,2.2,0.403,97,0,0
2380,71,0.268,1.1,1,0.348,22,0,0
2381,1,0.222,0.4,-0.4,0.261,17,0,0
2382,61,0.188,1.6,2,0.356,32,0,0
2383,4,0.149,1.5,0.4,0.355,29,0,0
2384,50,0.467,1.9,0.4,0.224,22,0,0
2385,17,0.25,3.7,1.1,0.351,105,1,0
2386,55,0.173,0.6,0.3,0.371,90,0,0
2387,68,0.169,3.3,2.8,0.355,17,1,0
2388,74,0.692,3.6,2.4,0,13,1,0
2389,1,0.25,0.7,-0.3,0.211,10,0,0
2390,0,0.091,7.7,0.1,0.5,17,0,0
2391,4,0.383,2.6,-0.1,0.352,62,0,0
2396,0,0.246,1.5,2.5,0.362,12,0,0
2401,26,0.151,0.3,2.3,0.441,257,0,0
2402,40,0.312,1.3,-1.1,0.294,36,0,0
2403,72,0.231,0.8,2.9,0.401,60,0,0
2404,0,0.667,0,-0.1,0,27,0,0
2405,0,1.5,0,0,1,28,0,0
2406,1,0.179,0,-0.1,0.273,126,0,0
2407,50,0.201,0.3,0.2,0.359,48,0,0
2408,74,0.395,1.3,7.3,0.363,36,0,0
2409,1,0.18,1.5,-0.3,0,76,1,0
2410,13,0.315,0.5,-0.1,0.333,23,0,0
2411,0,0.4,0,0,0.5,126,0,0
2415,6,0.141,1.1,0,0.346,64,0,0
2416,77,0.27,3.2,1.7,0.409,20,0,0
2417,5,0.28,3.2,2.5,0.34,370,0,0
2418,14,0.123,0.8,0.8,0.411,31,0,0
2419,1,0.145,1.5,0,0.292,30,0,0
2420,0,0.308,1.6,1.9,0.372,72,0,0
2421,3,0.085,3,0,0.246,11,0,0
2422,59,0.267,2.1,5.3,0.324,333,1,0
2423,0,0.5,0,0,0,3,0,0
2424,8,0.339,1.9,0.1,0.273,130,0,0
2425,2,0.217,2.1,0,0.47,43,0,0
2429,0,0.238,0.6,0,0.356,9,0,0
2430,81,0.737,4.3,3.9,0,13,1,0
2431,22,0.185,0.6,0.6,0.356,30,0,0
2432,16,0.195,1.5,0.2,0.328,5,1,0
2433,0,0.387,2,0.3,0.132,88,1,0
2434,0,0.214,3.9,-0.1,0.4,93,0,0
2435,81,0.314,2.9,1.3,0.111,8,0,0
2436,24,0.329,0.3,-0.4,0.341,67,0,0
2437,5,0.293,0.4,-0.7,0.324,7,0,0
2441,62,0.158,3.1,0,0,34,1,0
2442,5,0.184,0.9,-0.2,0.321,59,0,0
2443,12,0.339,1.9,-0.1,0.375,17,0,0
2444,5,0.263,1.8,0.1,0.281,34,0,0
2445,3,0.191,0.5,-0.1,0.37,45,0,0
2449,47,0.197,0.5,0.8,0.387,17,0,0
2450,24,0.416,0.3,0.3,0.288,17,0,0
2451,1,0.191,1,-0.3,0.255,49,0,0
2452,74,0.139,0.8,1.1,0.401,31,0,0
2454,34,0.449,5.1,0.1,0.25,8,1,0
2455,74,0.407,1.8,6.2,0.381,37,0,0
2456,12,0.106,1.8,-0.4,0.347,54,0,0
2457,34,0.175,1.1,1.1,0.293,33,0,0
2458,26,0.245,0.5,0.3,0.321,97,0,0
2462,75,0.366,0.6,4.3,0.37,80,0,0
2463,33,0.353,1.2,0.9,0.372,71,0,0
2464,3,0.19,1.2,0,0.333,21,0,0
2465,0,0.321,3.1,0.3,0.368,266,1,0
2466,4,0.318,3,0.3,0.222,11,1,0
2467,75,0.311,4.2,2,0.346,86,1,0
2468,81,0.134,4.1,0.6,0,24,1,0
2469,60,0.34,0.9,1.3,0.373,47,0,0
2470,60,0.398,0.7,4.9,0.412,47,0,0
2472,19,0.341,0.7,-0.6,0.311,167,0,0
2473,4,0.18,1.4,-0.3,0.319,16,0,0
2474,9,0.202,0.2,0.1,0.308,67,0,0
2476,34,0.271,4.1,0.1,0.378,30,1,0
2477,3,0.331,1.5,-0.6,0.36,20,0,0
2478,73,0.211,0.6,1.3,0.363,22,0,0
2479,76,0.23,1.6,1.2,0.391,26,0,0
2480,2,0.359,5,0.2,0.25,183,0,0
2481,20,0.151,1.1,0.1,0.333,64,0,0
2482,3,0.36,0.6,-0.1,0.233,15,0,0
2483,80,0.204,1.2,2.1,0.42,35,0,0
2484,51,0.176,0.4,0,0.2,170,0,0
2494,10,0.348,7.1,0.5,0,97,1,0
2495,65,0.154,0.7,0.8,0.332,68,0,0
2496,26,0.222,0.5,-0.8,0.382,8,0,0
2497,4,0.227,1.3,-0.4,0.353,100,0,0
2498,14,0.076,0.8,0,0.419,0,0,0
2499,10,0.289,0.4,0,0.409,18,0,0
2500,11,0.445,6.1,0.5,0.333,25,1,0
2501,1,0.412,3.5,-0.1,0,41,0,0
2502,23,0.276,0.7,0.3,0.433,101,0,0
2503,29,0.144,1.2,0.7,0.413,2,0,0
2504,0,0.087,0,-0.1,0.4,29,0,0
2505,8,0.129,0.1,1.5,0.413,11,0,0
2506,0,0.286,0,-0.1,0,18,0,0
2507,67,0.417,2.3,2.7,0.311,190,0,0
2508,15,0.205,2.7,1,0.342,12,0,0
2509,0,0.329,1.8,1.9,0,11,1,0
2510,22,0.12,1.4,0.3,0.37,13,0,0
2511,79,0.184,0.8,1,0.331,61,0,0
2512,76,0.242,1.5,0.6,0.362,27,0,0
2516,0,0.355,1.9,-0.1,0.234,72,0,0
2517,52,0.238,2.3,-0.4,0,17,1,0
2518,41,0.303,0.7,-0.6,0.315,17,0,0
2519,1,0.318,0.3,-0.9,0.336,13,0,0
2520,8,0.259,1.5,-0.2,0.391,51,0,0
2521,10,0.164,1.1,-0.3,0.334,38,0,0
2522,3,0.19,2.8,1,0.418,28,1,0
2523,7,0.222,2.3,1.5,0.278,19,0,0
2524,2,0.268,0.3,0,0.37,6,0,0
2525,4,0.302,2,-0.1,0.143,13,0,0
2526,0,0.571,0,-0.1,0,8,0,0
2527,39,0.104,0.3,0,0.388,65,0,0
2528,0,0.099,1.2,0.1,0.323,23,0,0
2529,0,0.056,0,-0.2,0.083,36,0,0
2533,46,0.388,3,1.1,0,24,1,0
2537,6,0.429,7.2,2,0.25,14,1,0
2539,54,0.165,2.4,0.2,0.378,130,0,0
2543,2,0.481,1.4,0,0.2,142,0,0
2547,8,0.201,6.9,1.7,0.118,51,1,0
2549,67,0.165,0.8,0.4,0.361,26,0,0
2550,6,0.242,1.5,1,0.354,25,1,0
2551,5,0.224,0.9,-0.1,0.287,28,0,0
2552,70,0.41,2,1.5,0,147,1,0
2553,0,0.137,4.4,-0.1,0,14,1,0
2554,50,0.268,1.1,1,0.365,27,0,0
2555,63,0.206,0.1,-0.4,0.333,12,0,0
2556,34,0.194,0.7,-0.3,0.269,68,0,0
2557,0,0.2,0,-0.1,0.167,26,0,0
2558,8,0.156,1.2,1.2,0.372,45,0,0
2559,61,0.331,0.3,5.2,0.411,82,0,0
2560,0,0.352,4.4,0,0.2,4,0,0
2564,58,0.231,1.3,1.7,0.274,34,0,0
2565,0,0.227,3.6,-0.1,0.111,108,0,0
2566,7,0.186,1.5,-0.2,0.349,33,0,0
2570,80,0.148,1.3,3.9,0.434,35,0,0
2571,13,0.157,0.9,-0.3,0.333,10,0,0
2572,65,0.256,4.9,1.2,0.357,47,0,0
2573,3,0.374,2.6,1.2,0.284,35,1,0
2574,18,0.314,0.9,0.2,0.324,95,0,0
2575,1,0.185,1,0,0.316,16,0,0
2576,0,0.167,0.6,0,0.176,38,0,0
2577,0,0.103,3,-0.1,0.385,44,0,0
2578,73,0.365,1.4,1.1,0.27,23,0,0
2579,5,0.2,0.5,0,0.223,22,0,0
2580,78,0.227,0.5,1.1,0.429,25,0,0
2581,5,0.309,3.6,0.4,0.25,94,1,0
2582,34,0.15,1.9,0.9,0.33,75,0,0
2583,0,0.279,0.5,-0.2,0.286,33,0,0
2584,29,0.261,0.4,0.2,0.371,54,0,0
2585,79,0.24,2.7,1.2,0.245,27,0,0
2586,2,0.32,0.2,-0.4,0.386,24,0,0
2587,27,0.225,1.2,0.2,0.392,27,0,0
2588,1,0.337,1.3,0,0,30,0,0
2589,30,0.05,0.2,-0.7,0.365,59,0,0
2590,42,0.089,0.5,1.1,0.376,75,0,0
2591,64,0.259,0.7,0,0.217,75,0,0
2595,0,0.161,0.7,-0.2,0.318,15,0,0
2596,75,0.438,0.3,1.7,0.306,232,0,0
2598,33,0.096,1.9,0,0.386,31,0,0
2599,60,0.217,0.7,0.7,0.352,14,0,0
2600,66,0.139,1.6,-1.2,0.321,21,0,0
2602,36,0.237,1.1,-0.1,0.311,49,0,0
2603,3,0.226,0.7,-0.2,0.243,25,0,0
2604,78,0.21,0.6,0.8,0.34,186,0,0
2605,1,0.245,0.7,0.1,0.34,24,0,0
2606,0,0.136,1.3,-0.2,0.148,105,0,0
2607,42,0.19,1.7,1.3,0.342,18,0,0
2608,3,0.111,3.1,-0.2,0,12,0,0
2609,1,0.449,0.3,-0.6,0.339,23,0,0
2610,31,0.184,1.1,0.3,0.36,60,0,0
2611,38,0.156,4.5,0.2,0.143,47,0,0
2612,8,0.314,1.5,0,0.294,15,0,0
2613,2,0.205,1,-0.4,0.189,33,0,0
2614,24,0.334,1.2,1,0.283,9,0,0
2615,32,0.136,1.4,0.6,0.267,21,0,0
2616,35,0.042,0.7,0.2,0.351,37,0,0
2617,3,0.155,4.3,0.2,0.474,141,1,0
2618,80,0.107,0.5,0.7,0.406,18,0,0
2619,2,0.25,2.6,0.9,0.372,32,1,0
2620,0,0.355,1,-0.1,0.333,6,1,0
2621,27,0.237,1.2,-0.2,0.368,28,0,0
2626,0,0.439,0,-0.7,0.317,17,0,0
2627,1,0.167,0.7,-0.2,0.167,44,0,0
2628,0,0.286,1.6,-0.1,0,85,0,0
2629,82,0.457,1.1,2.6,0.357,20,0,0
2630,2,0.108,1,-0.8,0.341,26,0,0
2631,21,0.171,1.5,1,0.373,76,0,0
2632,0,0.119,1.3,0.3,0.427,9,0,0
2633,76,0.441,0.4,4.8,0.379,261,0,0
2634,15,0.209,0.4,-0.4,0.447,44,0,0
2638,78,0.158,1.2,1.5,0.414,47,0,0
2639,78,0.487,2.9,2.1,0,96,1,0
2640,1,0.129,0.4,-0.2,0.35,18,0,0
2641,9,0.234,1.2,0.5,0.391,47,0,0
2645,82,0.289,2.9,5.4,0.367,44,1,0
2649,12,0.187,1.2,-0.3,0.263,23,0,0
2650,81,0.349,6,2.8,0.348,34,1,0
2651,0,0.173,0,-0.1,0.344,13,0,0
2652,15,0.162,0.4,-0.6,0.266,26,0,0
2653,0,0.184,3.1,0,0.333,16,0,0
2654,80,0.309,2.6,0.7,0.5,46,1,0
2655,0,0.063,0.6,-0.2,0.351,26,0,0
2656,0,0.198,0.6,-0.1,0.379,104,0,0
2658,0,0.375,1.9,-0.1,0.333,21,0,0
2659,2,0.032,1.9,-0.3,0.321,8,0,0
2660,41,0.348,1.7,-0.6,0.35,10,0,0
2661,55,0.155,2.8,1.7,0.307,119,1,0
2662,4,0.176,0.4,-0.2,0.311,36,0,0
2663,59,0.294,1.8,1.4,0.31,16,0,0
2664,43,0.192,1.1,0.4,0.395,52,0,0
2665,79,0.248,0.7,3.9,0.399,150,0,0
2666,78,0.367,1.4,4.3,0.327,113,0,0
2667,10,0.33,2.4,-0.1,0.324,72,0,0
2668,59,0.189,1.5,0.9,0.265,30,0,0
2669,9,0.266,0.2,-0.4,0.305,99,0,0
2670,0,0.222,4.4,0.9,0.375,48,1,0
2671,81,0.433,0.9,12.4,0.343,113,0,0
2672,0,0.253,1.7,0,0.353,237,0,0
2673,26,0.222,1.7,-1.2,0.295,37,0,0
2674,82,0.345,0.8,-0.6,0.356,21,0,0
2675,0,0.065,0.7,-0.2,0.2,22,0,0
2676,0,0.419,3.7,0.1,0,38,1,0
2686,76,0.213,2,1.3,0.35,101,0,0
2687,0,0.304,0,0,0.455,35,0,0
2688,0,0.143,1.8,0,0.308,39,0,0
2689,15,0.209,0.8,-0.1,0.2,14,0,0
2690,1,0.466,6,0.4,0,7,1,0
2691,0,0.652,4.9,0,0,52,0,0
2692,2,0.235,1,-0.2,0.237,10,0,0
2693,5,0.259,4.3,0.4,0,4,0,0
2694,0,0.474,2.1,0.4,0.333,18,0,0
2695,0,0.155,0.7,-0.1,0.343,141,0,0
2696,0,0.208,0,-0.2,0.217,63,0,0
2697,60,0.142,0.7,0.5,0.404,18,0,0
2698,74,0.125,1.2,2,0.381,18,0,0
2699,58,0.442,3,1.8,0,25,0,0
2700,5,0.247,3.3,-0.1,0,15,1,0
2701,18,0.181,1.5,-0.4,0.333,122,0,0
2702,11,0.206,4.4,-0.1,0,49,1,0